timestamp	Algo	AliceQuantile	AliceDiscretize	AliceDim	AliceContext	AliceNegative	AliceNormalize	EveQuantile	EveDiscretize	EveDim	EveContext	EveNegative	EveNormalize	AliceWalkLen	AliceNWalks	AliceP	AliceQ	AliceEpochs	AliceSeed	EveWalkLen	EveNWalks	EveP	EveQ	EveEpochs	EveSeed	AliceAlgo	AliceSecret	AliceN	AliceMetric	EveAlgo	EveSecret	EveN	EveMetric	AliceBFLength	AliceBits	AliceDiffuse	AliceT	AliceEldLength	EveBFLength	EveBits	EveDiffuse	EveT	EveEldLength	AliceNHash	AliceNHashBits	AliceNSubKeys	Alice1BitHash	EveNHash	EveNHashBits	EveNSubKeys	Eve1BitHash	AliceNHashFunc	AliceNHashCol	AliceRandMode	EveNHashFunc	EveNHashCol	EveRandMode	Data	Overlap	DropFrom	DevMode	BenchMode	Verbose	MatchingMetric	Matching	Workers	SaveAliceEncs	SaveEveEncs	RegWS	RegInit	Batchsize	LR	NIterWS	NIterInit	NEpochWS	LRDecay	Sqrt	EarlyStopping	Selection	MaxLoad	Wasserstein	success_rate	correct	n_alice	n_eve	elapsed_total	elapsed_alice_enc	elapsed_eve_enc	elapsed_alice_emb	elapsed_eve_emb	elapsed_align_prep	elapsed_align	elapsed_mapping	elapsed_relevant
1724853710.5482442	Node2Vec	0.9	False	128	10	1	True	0.9	False	128	10	1	True	100	20	250	300	5	42	100	20	250	300	5	42	TwoStepHash	SuperSecretSalt1337	2	dice		ATotallyDifferentString42	2	dice	1024	10			1024	1024	10			1024	1024	64	8	True	1024	64	8	True	10	1000	PNG	10	1000	PNG	./data/titanic_full.tsv	0.05	Alice	False	True	False	cosine	MinWeight	-1	False	False	0.5	1	41	200.0	100	5	100	1	True	10	None		True	0.0	0	44	891	19.657868146896362	-1	-1	-1	-1	7.152557373046875e-06	19.576910257339478	0.054500579833984375	19.63528299331665
1724853758.2549996	Node2Vec	0.9	False	128	10	1	True	0.9	False	128	10	1	True	100	20	250	300	5	42	100	20	250	300	5	42	TwoStepHash	SuperSecretSalt1337	2	dice		ATotallyDifferentString42	2	dice	1024	10			1024	1024	10			1024	1024	64	8	True	1024	64	8	True	10	1000	PNG	10	1000	PNG	./data/titanic_full.tsv	0.1	Alice	False	True	False	cosine	MinWeight	-1	False	False	0.5	1	88	200.0	100	5	100	1	True	10	None		True	0.011235955056179775	1	89	891	47.706292152404785	1.0845506191253662	-1	7.6782684326171875	-1	5.9604644775390625e-06	38.892120122909546	0.025404930114746094	46.60091853141785
1724853792.557429	Node2Vec	0.9	False	128	10	1	True	0.9	False	128	10	1	True	100	20	250	300	5	42	100	20	250	300	5	42	TwoStepHash	SuperSecretSalt1337	2	dice		ATotallyDifferentString42	2	dice	1024	10			1024	1024	10			1024	1024	64	8	True	1024	64	8	True	10	1000	PNG	10	1000	PNG	./data/titanic_full.tsv	0.15	Alice	False	True	False	cosine	MinWeight	-1	False	False	0.5	1	133	200.0	100	5	100	1	True	10	None		True	0.007518796992481203	1	133	891	34.30208778381348	1.0324275493621826	-1	4.954992771148682	-1	7.152557373046875e-06	28.26207184791565	0.027635812759399414	33.249831438064575
1724853842.7147865	Node2Vec	0.9	False	128	10	1	True	0.9	False	128	10	1	True	100	20	250	300	5	42	100	20	250	300	5	42	TwoStepHash	SuperSecretSalt1337	2	dice		ATotallyDifferentString42	2	dice	1024	10			1024	1024	10			1024	1024	64	8	True	1024	64	8	True	10	1000	PNG	10	1000	PNG	./data/titanic_full.tsv	0.2	Alice	False	True	False	cosine	MinWeight	-1	False	False	0.5	1	178	200.0	100	5	100	1	True	10	None		True	0.0	0	178	891	50.156991720199585	1.458538293838501	-1	5.509817361831665	-1	1.1682510375976562e-05	43.09983587265015	0.05573558807373047	48.6739182472229
1724853886.754505	Node2Vec	0.9	False	128	10	1	True	0.9	False	128	10	1	True	100	20	250	300	5	42	100	20	250	300	5	42	TwoStepHash	SuperSecretSalt1337	2	dice		ATotallyDifferentString42	2	dice	1024	10			1024	1024	10			1024	1024	64	8	True	1024	64	8	True	10	1000	PNG	10	1000	PNG	./data/titanic_full.tsv	0.25	Alice	False	True	False	cosine	MinWeight	-1	False	False	0.5	1	221	200.0	100	5	100	1	True	10	None		True	0.02702702702702703	6	222	891	44.03842115402222	1.257431983947754	-1	6.431311845779419	-1	1.4066696166992188e-05	36.26543617248535	0.05267596244812012	42.75808525085449
1724853943.9823682	Node2Vec	0.9	False	128	10	1	True	0.9	False	128	10	1	True	100	20	250	300	5	42	100	20	250	300	5	42	TwoStepHash	SuperSecretSalt1337	2	dice		ATotallyDifferentString42	2	dice	1024	10			1024	1024	10			1024	1024	64	8	True	1024	64	8	True	10	1000	PNG	10	1000	PNG	./data/titanic_full.tsv	0.3	Alice	False	True	False	cosine	MinWeight	-1	False	False	0.5	1	265	200.0	100	5	100	1	True	10	None		True	0.0149812734082397	4	267	891	57.22751188278198	1.1774866580963135	-1	6.773711681365967	-1	8.106231689453125e-06	49.22525978088379	0.024823904037475586	56.02938938140869
1724854006.3162122	Node2Vec	0.9	False	128	10	1	True	0.9	False	128	10	1	True	100	20	250	300	5	42	100	20	250	300	5	42	TwoStepHash	SuperSecretSalt1337	2	dice		ATotallyDifferentString42	2	dice	1024	10			1024	1024	10			1024	1024	64	8	True	1024	64	8	True	10	1000	PNG	10	1000	PNG	./data/titanic_full.tsv	0.35	Alice	False	True	False	cosine	MinWeight	-1	False	False	0.5	1	310	200.0	100	5	100	1	True	10	None		True	0.0	0	311	891	62.33351373672485	1.223069429397583	-1	6.735886812210083	-1	4.363059997558594e-05	54.32086110115051	0.026098251342773438	61.090181827545166
1724854058.6013622	Node2Vec	0.9	False	128	10	1	True	0.9	False	128	10	1	True	100	20	250	300	5	42	100	20	250	300	5	42	TwoStepHash	SuperSecretSalt1337	2	dice		ATotallyDifferentString42	2	dice	1024	10			1024	1024	10			1024	1024	64	8	True	1024	64	8	True	10	1000	PNG	10	1000	PNG	./data/titanic_full.tsv	0.4	Alice	False	True	False	cosine	MinWeight	-1	False	False	0.5	1	355	200.0	100	5	100	1	True	10	None		True	0.5758426966292135	205	356	891	52.28483057022095	1.2601044178009033	-1	7.434018850326538	-1	6.9141387939453125e-06	43.53651452064514	0.027729272842407227	51.00407004356384
1724854119.348622	Node2Vec	0.9	False	128	10	1	True	0.9	False	128	10	1	True	100	20	250	300	5	42	100	20	250	300	5	42	TwoStepHash	SuperSecretSalt1337	2	dice		ATotallyDifferentString42	2	dice	1024	10			1024	1024	10			1024	1024	64	8	True	1024	64	8	True	10	1000	PNG	10	1000	PNG	./data/titanic_full.tsv	0.45	Alice	False	True	False	cosine	MinWeight	-1	False	False	0.5	1	399	200.0	100	5	100	1	True	10	None		True	0.635	254	400	891	60.746817111968994	1.39188551902771	-1	7.9590229988098145	-1	9.059906005859375e-06	51.26971697807312	0.09642195701599121	59.332653522491455
1724854185.4156752	Node2Vec	0.9	False	128	10	1	True	0.9	False	128	10	1	True	100	20	250	300	5	42	100	20	250	300	5	42	TwoStepHash	SuperSecretSalt1337	2	dice		ATotallyDifferentString42	2	dice	1024	10			1024	1024	10			1024	1024	64	8	True	1024	64	8	True	10	1000	PNG	10	1000	PNG	./data/titanic_full.tsv	0.5	Alice	False	True	False	cosine	MinWeight	-1	False	False	0.5	1	444	200.0	100	5	100	1	True	10	None		True	0.7191011235955056	320	445	891	66.06565308570862	1.484729528427124	-1	9.076991081237793	-1	1.239776611328125e-05	55.410139322280884	0.05785417556762695	64.55539059638977
1724854235.222767	Node2Vec	0.9	False	128	10	1	True	0.9	False	128	10	1	True	100	20	250	300	5	42	100	20	250	300	5	42	TwoStepHash	SuperSecretSalt1337	2	dice		ATotallyDifferentString42	2	dice	1024	10			1024	1024	10			1024	1024	64	8	True	1024	64	8	True	10	1000	PNG	10	1000	PNG	./data/titanic_full.tsv	0.55	Alice	False	True	False	cosine	MinWeight	-1	False	False	0.5	1	490	200.0	100	5	100	1	True	10	None		True	0.8918367346938776	437	490	891	49.80652594566345	1.5044612884521484	-1	9.427691221237183	-1	1.3589859008789062e-05	38.797202348709106	0.0394589900970459	48.27242875099182
1724854249.2925143	Node2Vec	0.9	False	128	10	1	True	0.9	False	128	10	1	True	100	20	250	300	5	42	100	20	250	300	5	42	TwoStepHash	SuperSecretSalt1337	2	dice		ATotallyDifferentString42	2	dice	1024	10			1024	1024	10			1024	1024	64	8	True	1024	64	8	True	10	1000	PNG	10	1000	PNG	./data/titanic_full.tsv	0.6	Alice	False	True	False	cosine	MinWeight	-1	False	False	0.5	1	533	200.0	100	5	100	1	True	10	None		True	0.9250936329588015	494	534	891	14.06917691230774	1.7202422618865967	-1	10.32004165649414	-1	7.867813110351562e-06	1.9485177993774414	0.0489501953125	12.324184656143188
1724854263.598104	Node2Vec	0.9	False	128	10	1	True	0.9	False	128	10	1	True	100	20	250	300	5	42	100	20	250	300	5	42	TwoStepHash	SuperSecretSalt1337	2	dice		ATotallyDifferentString42	2	dice	1024	10			1024	1024	10			1024	1024	64	8	True	1024	64	8	True	10	1000	PNG	10	1000	PNG	./data/titanic_full.tsv	0.65	Alice	False	True	False	cosine	MinWeight	-1	False	False	0.5	1	578	200.0	100	5	100	1	True	10	None		True	0.9568221070811744	554	579	891	14.305204629898071	1.588486671447754	-1	10.110742568969727	-1	8.106231689453125e-06	2.5376784801483154	0.03788924217224121	12.693081855773926
1724854278.9386773	Node2Vec	0.9	False	128	10	1	True	0.9	False	128	10	1	True	100	20	250	300	5	42	100	20	250	300	5	42	TwoStepHash	SuperSecretSalt1337	2	dice		ATotallyDifferentString42	2	dice	1024	10			1024	1024	10			1024	1024	64	8	True	1024	64	8	True	10	1000	PNG	10	1000	PNG	./data/titanic_full.tsv	0.7	Alice	False	True	False	cosine	MinWeight	-1	False	False	0.5	1	622	200.0	100	5	100	1	True	10	None		True	0.9695024077046549	604	623	891	15.340054512023926	1.7455041408538818	-1	11.254576683044434	-1	9.059906005859375e-06	2.2784762382507324	0.029494524002075195	13.570260286331177
1724854298.2307673	Node2Vec	0.9	False	128	10	1	True	0.9	False	128	10	1	True	100	20	250	300	5	42	100	20	250	300	5	42	TwoStepHash	SuperSecretSalt1337	2	dice		ATotallyDifferentString42	2	dice	1024	10			1024	1024	10			1024	1024	64	8	True	1024	64	8	True	10	1000	PNG	10	1000	PNG	./data/titanic_full.tsv	0.75	Alice	False	True	False	cosine	MinWeight	-1	False	False	0.5	1	668	200.0	100	5	100	1	True	10	None		True	0.9760479041916168	652	668	891	19.291683435440063	1.8325660228729248	-1	11.324417352676392	-1	8.58306884765625e-06	6.05483603477478	0.04729294776916504	17.43441867828369
1724854315.310354	Node2Vec	0.9	False	128	10	1	True	0.9	False	128	10	1	True	100	20	250	300	5	42	100	20	250	300	5	42	TwoStepHash	SuperSecretSalt1337	2	dice		ATotallyDifferentString42	2	dice	1024	10			1024	1024	10			1024	1024	64	8	True	1024	64	8	True	10	1000	PNG	10	1000	PNG	./data/titanic_full.tsv	0.8	Alice	False	True	False	cosine	MinWeight	-1	False	False	0.5	1	712	200.0	100	5	100	1	True	10	None		True	0.9845505617977528	701	712	891	17.079105615615845	1.770862340927124	-1	11.033235788345337	-1	7.867813110351562e-06	4.181304454803467	0.06088995933532715	15.282601594924927
1724854340.4916608	Node2Vec	0.9	False	128	10	1	True	0.9	False	128	10	1	True	100	20	250	300	5	42	100	20	250	300	5	42	TwoStepHash	SuperSecretSalt1337	2	dice		ATotallyDifferentString42	2	dice	1024	10			1024	1024	10			1024	1024	64	8	True	1024	64	8	True	10	1000	PNG	10	1000	PNG	./data/titanic_full.tsv	0.85	Alice	False	True	False	cosine	MinWeight	-1	False	False	0.5	1	757	200.0	100	5	100	1	True	10	None		True	0.9973579920739762	755	757	891	25.180530548095703	2.1638307571411133	-1	11.976362705230713	-1	7.867813110351562e-06	10.891242027282715	0.11386299133300781	22.98856806755066
1724854360.2095637	Node2Vec	0.9	False	128	10	1	True	0.9	False	128	10	1	True	100	20	250	300	5	42	100	20	250	300	5	42	TwoStepHash	SuperSecretSalt1337	2	dice		ATotallyDifferentString42	2	dice	1024	10			1024	1024	10			1024	1024	64	8	True	1024	64	8	True	10	1000	PNG	10	1000	PNG	./data/titanic_full.tsv	0.9	Alice	False	True	False	cosine	MinWeight	-1	False	False	0.5	1	801	200.0	100	5	100	1	True	10	None		True	0.9937578027465668	796	801	891	19.717025756835938	2.1873619556427	-1	14.263424158096313	-1	1.0251998901367188e-05	3.158271074295044	0.07167291641235352	17.501094818115234
1724854380.0652714	Node2Vec	0.9	False	128	10	1	True	0.9	False	128	10	1	True	100	20	250	300	5	42	100	20	250	300	5	42	TwoStepHash	SuperSecretSalt1337	2	dice		ATotallyDifferentString42	2	dice	1024	10			1024	1024	10			1024	1024	64	8	True	1024	64	8	True	10	1000	PNG	10	1000	PNG	./data/titanic_full.tsv	0.95	Alice	False	True	False	cosine	MinWeight	-1	False	False	0.5	1	846	200.0	100	5	100	1	True	10	None		True	0.9988179669030733	845	846	891	19.854989290237427	2.186574697494507	-1	13.64846682548523	-1	7.152557373046875e-06	3.9362385272979736	0.04701042175292969	17.63931441307068
1724854413.1980283	Node2Vec	0.9	False	128	10	1	True	0.9	False	128	10	1	True	100	20	250	300	5	42	100	20	250	300	5	42	TwoStepHash	SuperSecretSalt1337	2	dice		ATotallyDifferentString42	2	dice	1024	10			1024	1024	10			1024	1024	64	8	True	1024	64	8	True	10	1000	PNG	10	1000	PNG	./data/titanic_full.tsv	1.0	Alice	False	True	False	cosine	MinWeight	-1	False	False	0.5	1	891	200.0	100	5	100	1	True	10	None		True	0.9977553310886644	889	891	891	33.132272243499756	2.600736379623413	-1	15.251992464065552	-1	1.0728836059570312e-05	15.19831657409668	0.04032301902770996	30.49867606163025
1724854536.7748485	Node2Vec	0.9	False	128	10	1	True	0.9	False	128	10	1	True	100	20	250	300	5	42	100	20	250	300	5	42	TwoStepHash	SuperSecretSalt1337	2	dice		ATotallyDifferentString42	2	dice	1024	10			1024	1024	10			1024	1024	64	8	True	1024	64	8	True	10	1000	PNG	10	1000	PNG	./data/titanic_full.tsv	0.05	Both	False	True	False	cosine	MinWeight	-1	False	False	0.5	1	454	200.0	100	5	100	1	True	10	None		True	0.045454545454545456	1	456	457	123.57638692855835	1.81931734085083	1.2034962177276611	9.540669441223145	8.89531683921814	1.239776611328125e-05	102.04656863212585	0.04372525215148926	120.5356011390686
1724854617.1889918	Node2Vec	0.9	False	128	10	1	True	0.9	False	128	10	1	True	100	20	250	300	5	42	100	20	250	300	5	42	TwoStepHash	SuperSecretSalt1337	2	dice		ATotallyDifferentString42	2	dice	1024	10			1024	1024	10			1024	1024	64	8	True	1024	64	8	True	10	1000	PNG	10	1000	PNG	./data/titanic_full.tsv	0.1	Both	False	True	False	cosine	MinWeight	-1	False	False	0.5	1	467	200.0	100	5	100	1	True	10	None		True	0.043478260869565216	2	468	469	80.41364550590515	1.9041528701782227	1.5743656158447266	8.518183469772339	8.560239315032959	1.0013580322265625e-05	59.77494812011719	0.05200457572937012	76.91625428199768
1724854768.3961341	Node2Vec	0.9	False	128	10	1	True	0.9	False	128	10	1	True	100	20	250	300	5	42	100	20	250	300	5	42	TwoStepHash	SuperSecretSalt1337	2	dice		ATotallyDifferentString42	2	dice	1024	10			1024	1024	10			1024	1024	64	8	True	1024	64	8	True	10	1000	PNG	10	1000	PNG	./data/titanic_full.tsv	0.15	Both	False	True	False	cosine	MinWeight	-1	False	False	0.5	1	481	200.0	100	5	100	1	True	10	None		True	0.027777777777777776	2	481	482	151.20650458335876	1.9414191246032715	1.330430507659912	8.868421792984009	9.678282737731934	1.1920928955078125e-05	129.2937080860138	0.062491416931152344	147.91288876533508
1724854891.0693183	Node2Vec	0.9	False	128	10	1	True	0.9	False	128	10	1	True	100	20	250	300	5	42	100	20	250	300	5	42	TwoStepHash	SuperSecretSalt1337	2	dice		ATotallyDifferentString42	2	dice	1024	10			1024	1024	10			1024	1024	64	8	True	1024	64	8	True	10	1000	PNG	10	1000	PNG	./data/titanic_full.tsv	0.2	Both	False	True	False	cosine	MinWeight	-1	False	False	0.5	1	494	200.0	100	5	100	1	True	10	None		True	0.030303030303030304	3	495	495	122.67192006111145	1.996445894241333	1.4472298622131348	8.84134292602539	8.624566078186035	1.4066696166992188e-05	101.62114453315735	0.10636734962463379	119.20447564125061
1724854966.422955	Node2Vec	0.9	False	128	10	1	True	0.9	False	128	10	1	True	100	20	250	300	5	42	100	20	250	300	5	42	TwoStepHash	SuperSecretSalt1337	2	dice		ATotallyDifferentString42	2	dice	1024	10			1024	1024	10			1024	1024	64	8	True	1024	64	8	True	10	1000	PNG	10	1000	PNG	./data/titanic_full.tsv	0.25	Both	False	True	False	cosine	MinWeight	-1	False	False	0.5	1	509	200.0	100	5	100	1	True	10	None		True	0.03937007874015748	5	509	509	75.35315155982971	1.85050630569458	1.3907952308654785	9.590518474578857	10.326831817626953	2.193450927734375e-05	52.09839487075806	0.06512618064880371	72.09067940711975
1724855038.3952928	Node2Vec	0.9	False	128	10	1	True	0.9	False	128	10	1	True	100	20	250	300	5	42	100	20	250	300	5	42	TwoStepHash	SuperSecretSalt1337	2	dice		ATotallyDifferentString42	2	dice	1024	10			1024	1024	10			1024	1024	64	8	True	1024	64	8	True	10	1000	PNG	10	1000	PNG	./data/titanic_full.tsv	0.3	Both	False	True	False	cosine	MinWeight	-1	False	False	0.5	1	524	200.0	100	5	100	1	True	10	None		True	0.06369426751592357	10	524	524	71.97170090675354	1.8129312992095947	1.5091516971588135	9.72058916091919	9.85977029800415	1.4543533325195312e-05	48.99274444580078	0.04169797897338867	68.62782740592957
1724855096.7102513	Node2Vec	0.9	False	128	10	1	True	0.9	False	128	10	1	True	100	20	250	300	5	42	100	20	250	300	5	42	TwoStepHash	SuperSecretSalt1337	2	dice		ATotallyDifferentString42	2	dice	1024	10			1024	1024	10			1024	1024	64	8	True	1024	64	8	True	10	1000	PNG	10	1000	PNG	./data/titanic_full.tsv	0.35	Both	False	True	False	cosine	MinWeight	-1	False	False	0.5	1	540	200.0	100	5	100	1	True	10	None		True	0.037037037037037035	7	540	540	58.31453490257263	1.938917636871338	1.4459571838378906	10.246973514556885	10.130961418151855	1.049041748046875e-05	34.42879295349121	0.0917813777923584	54.90839123725891
1724855217.9858503	Node2Vec	0.9	False	128	10	1	True	0.9	False	128	10	1	True	100	20	250	300	5	42	100	20	250	300	5	42	TwoStepHash	SuperSecretSalt1337	2	dice		ATotallyDifferentString42	2	dice	1024	10			1024	1024	10			1024	1024	64	8	True	1024	64	8	True	10	1000	PNG	10	1000	PNG	./data/titanic_full.tsv	0.4	Both	False	True	False	cosine	MinWeight	-1	False	False	0.5	1	556	200.0	100	5	100	1	True	10	None		True	0.25675675675675674	57	556	557	121.27287650108337	1.918771743774414	1.4982998371124268	11.029930353164673	9.986559867858887	1.1205673217773438e-05	96.75994443893433	0.046751976013183594	117.83329272270203
1724855336.103976	Node2Vec	0.9	False	128	10	1	True	0.9	False	128	10	1	True	100	20	250	300	5	42	100	20	250	300	5	42	TwoStepHash	SuperSecretSalt1337	2	dice		ATotallyDifferentString42	2	dice	1024	10			1024	1024	10			1024	1024	64	8	True	1024	64	8	True	10	1000	PNG	10	1000	PNG	./data/titanic_full.tsv	0.45	Both	False	True	False	cosine	MinWeight	-1	False	False	0.5	1	574	200.0	100	5	100	1	True	10	None		True	0.031007751937984496	8	574	575	118.11772394180298	2.0488228797912598	1.5578248500823975	10.633468389511108	10.778970956802368	1.430511474609375e-05	93.01712369918823	0.046887874603271484	114.48778510093689
1724855412.857374	Node2Vec	0.9	False	128	10	1	True	0.9	False	128	10	1	True	100	20	250	300	5	42	100	20	250	300	5	42	TwoStepHash	SuperSecretSalt1337	2	dice		ATotallyDifferentString42	2	dice	1024	10			1024	1024	10			1024	1024	64	8	True	1024	64	8	True	10	1000	PNG	10	1000	PNG	./data/titanic_full.tsv	0.5	Both	False	True	False	cosine	MinWeight	-1	False	False	0.5	1	594	200.0	100	5	100	1	True	10	None		True	0.08417508417508418	25	594	594	76.75296187400818	2.1871888637542725	1.5797812938690186	10.374348402023315	10.023142337799072	1.2636184692382812e-05	52.50581359863281	0.04802584648132324	72.9628164768219
1724855561.278234	Node2Vec	0.9	False	128	10	1	True	0.9	False	128	10	1	True	100	20	250	300	5	42	100	20	250	300	5	42	TwoStepHash	SuperSecretSalt1337	2	dice		ATotallyDifferentString42	2	dice	1024	10			1024	1024	10			1024	1024	64	8	True	1024	64	8	True	10	1000	PNG	10	1000	PNG	./data/titanic_full.tsv	0.55	Both	False	True	False	cosine	MinWeight	-1	False	False	0.5	1	613	200.0	100	5	100	1	True	10	None		True	0.314540059347181	106	614	614	148.41966104507446	2.3082263469696045	1.6771087646484375	9.77483057975769	11.450475454330444	2.384185791015625e-05	123.01628828048706	0.14433908462524414	144.4098560810089
1724855634.6268413	Node2Vec	0.9	False	128	10	1	True	0.9	False	128	10	1	True	100	20	250	300	5	42	100	20	250	300	5	42	TwoStepHash	SuperSecretSalt1337	2	dice		ATotallyDifferentString42	2	dice	1024	10			1024	1024	10			1024	1024	64	8	True	1024	64	8	True	10	1000	PNG	10	1000	PNG	./data/titanic_full.tsv	0.6	Both	False	True	False	cosine	MinWeight	-1	False	False	0.5	1	636	200.0	100	5	100	1	True	10	None		True	0.03674540682414698	14	636	636	73.3471417427063	2.167513608932495	1.6356565952301025	11.120248079299927	12.01223611831665	1.0728836059570312e-05	46.309165716171265	0.06529068946838379	69.5179545879364
1724855750.4658763	Node2Vec	0.9	False	128	10	1	True	0.9	False	128	10	1	True	100	20	250	300	5	42	100	20	250	300	5	42	TwoStepHash	SuperSecretSalt1337	2	dice		ATotallyDifferentString42	2	dice	1024	10			1024	1024	10			1024	1024	64	8	True	1024	64	8	True	10	1000	PNG	10	1000	PNG	./data/titanic_full.tsv	0.65	Both	False	True	False	cosine	MinWeight	-1	False	False	0.5	1	659	200.0	100	5	100	1	True	10	None		True	0.16355140186915887	70	659	660	115.83835077285767	2.3781330585479736	1.6752331256866455	10.701549530029297	10.814135789871216	1.1444091796875e-05	90.19225192070007	0.04034137725830078	111.7587194442749
1724855798.5343034	Node2Vec	0.9	False	128	10	1	True	0.9	False	128	10	1	True	100	20	250	300	5	42	100	20	250	300	5	42	TwoStepHash	SuperSecretSalt1337	2	dice		ATotallyDifferentString42	2	dice	1024	10			1024	1024	10			1024	1024	64	8	True	1024	64	8	True	10	1000	PNG	10	1000	PNG	./data/titanic_full.tsv	0.7	Both	False	True	False	cosine	MinWeight	-1	False	False	0.5	1	684	200.0	100	5	100	1	True	10	None		True	0.9164926931106472	439	685	685	48.06800627708435	2.268613338470459	1.729750633239746	11.657035112380981	11.834048986434937	9.775161743164062e-06	20.499901056289673	0.040746450424194336	44.042603492736816
1724855830.114158	Node2Vec	0.9	False	128	10	1	True	0.9	False	128	10	1	True	100	20	250	300	5	42	100	20	250	300	5	42	TwoStepHash	SuperSecretSalt1337	2	dice		ATotallyDifferentString42	2	dice	1024	10			1024	1024	10			1024	1024	64	8	True	1024	64	8	True	10	1000	PNG	10	1000	PNG	./data/titanic_full.tsv	0.75	Both	False	True	False	cosine	MinWeight	-1	False	False	0.5	1	712	200.0	100	5	100	1	True	10	None		True	0.9419475655430711	503	712	713	31.579418420791626	2.380307197570801	1.8511810302734375	12.628296375274658	11.4398193359375	1.0013580322265625e-05	3.1979901790618896	0.04331612586975098	27.32031774520874
1724855866.2692351	Node2Vec	0.9	False	128	10	1	True	0.9	False	128	10	1	True	100	20	250	300	5	42	100	20	250	300	5	42	TwoStepHash	SuperSecretSalt1337	2	dice		ATotallyDifferentString42	2	dice	1024	10			1024	1024	10			1024	1024	64	8	True	1024	64	8	True	10	1000	PNG	10	1000	PNG	./data/titanic_full.tsv	0.8	Both	False	True	False	cosine	MinWeight	-1	False	False	0.5	1	741	200.0	100	5	100	1	True	10	None		True	0.9562289562289562	568	742	743	36.15446662902832	2.506850004196167	1.7443201541900635	12.541253089904785	12.899553298950195	8.58306884765625e-06	6.354393482208252	0.06735038757324219	31.87272047996521
1724855901.761607	Node2Vec	0.9	False	128	10	1	True	0.9	False	128	10	1	True	100	20	250	300	5	42	100	20	250	300	5	42	TwoStepHash	SuperSecretSalt1337	2	dice		ATotallyDifferentString42	2	dice	1024	10			1024	1024	10			1024	1024	64	8	True	1024	64	8	True	10	1000	PNG	10	1000	PNG	./data/titanic_full.tsv	0.85	Both	False	True	False	cosine	MinWeight	-1	False	False	0.5	1	774	200.0	100	5	100	1	True	10	None		True	0.9635258358662614	634	774	775	35.49188947677612	2.6995325088500977	1.924353837966919	13.372466564178467	14.096716403961182	9.5367431640625e-06	3.3036789894104004	0.0558319091796875	30.838919639587402
1724855961.976505	Node2Vec	0.9	False	128	10	1	True	0.9	False	128	10	1	True	100	20	250	300	5	42	100	20	250	300	5	42	TwoStepHash	SuperSecretSalt1337	2	dice		ATotallyDifferentString42	2	dice	1024	10			1024	1024	10			1024	1024	64	8	True	1024	64	8	True	10	1000	PNG	10	1000	PNG	./data/titanic_full.tsv	0.9	Both	False	True	False	cosine	MinWeight	-1	False	False	0.5	1	809	200.0	100	5	100	1	True	10	None		True	0.9656593406593407	703	809	810	60.21441674232483	2.804384469985962	1.9342405796051025	13.900861501693726	14.288267850875854	1.2159347534179688e-05	27.16072392463684	0.05882763862609863	55.44003438949585
1724855997.9323814	Node2Vec	0.9	False	128	10	1	True	0.9	False	128	10	1	True	100	20	250	300	5	42	100	20	250	300	5	42	TwoStepHash	SuperSecretSalt1337	2	dice		ATotallyDifferentString42	2	dice	1024	10			1024	1024	10			1024	1024	64	8	True	1024	64	8	True	10	1000	PNG	10	1000	PNG	./data/titanic_full.tsv	0.95	Both	False	True	False	cosine	MinWeight	-1	False	False	0.5	1	848	200.0	100	5	100	1	True	10	None		True	0.9900744416873449	798	848	849	35.95521664619446	2.675626277923584	1.9020516872406006	13.639348268508911	13.49750828742981	1.0013580322265625e-05	4.14095401763916	0.05005049705505371	31.340434074401855
1724856074.9379315	Node2Vec	0.9	False	128	10	1	True	0.9	False	128	10	1	True	100	20	250	300	5	42	100	20	250	300	5	42	TwoStepHash	SuperSecretSalt1337	2	dice		ATotallyDifferentString42	2	dice	1024	10			1024	1024	10			1024	1024	64	8	True	1024	64	8	True	10	1000	PNG	10	1000	PNG	./data/titanic_full.tsv	1.0	Both	False	True	False	cosine	MinWeight	-1	False	False	0.5	1	891	200.0	100	5	100	1	True	10	None		True	0.9977553310886644	889	891	891	77.00492310523987	2.8944718837738037	2.0231807231903076	14.193709373474121	14.303505420684814	1.52587890625e-05	43.46566987037659	0.07550644874572754	72.05091619491577
1724856118.238427	Node2Vec	0.9	False	128	10	1	True	0.9	False	128	10	1	True	100	20	250	300	5	42	100	20	250	300	5	42	TwoStepHash	SuperSecretSalt1337	2	dice		ATotallyDifferentString42	2	dice	1024	10			1024	1024	10			1024	1024	64	8	True	1024	64	8	True	10	1000	PNG	10	1000	PNG	./data/fakename_1k.tsv	0.05	Alice	False	True	False	cosine	MinWeight	-1	False	False	0.5	1	49	200.0	100	5	100	1	True	10	None		True	0.0	0	50	1000	43.299718141555786	1.8422214984893799	2.034825086593628	4.30622124671936	16.283157348632812	1.049041748046875e-05	18.776906728744507	0.02207779884338379	39.3979012966156
1724856150.060877	Node2Vec	0.9	False	128	10	1	True	0.9	False	128	10	1	True	100	20	250	300	5	42	100	20	250	300	5	42	TwoStepHash	SuperSecretSalt1337	2	dice		ATotallyDifferentString42	2	dice	1024	10			1024	1024	10			1024	1024	64	8	True	1024	64	8	True	10	1000	PNG	10	1000	PNG	./data/fakename_1k.tsv	0.1	Alice	False	True	False	cosine	MinWeight	-1	False	False	0.5	1	100	200.0	100	5	100	1	True	10	None		True	0.01	1	100	1000	31.822022438049316	1.9034645557403564	-1	4.681173801422119	-1	7.867813110351562e-06	25.18268918991089	0.0289766788482666	29.898282289505005
1724856195.8530834	Node2Vec	0.9	False	128	10	1	True	0.9	False	128	10	1	True	100	20	250	300	5	42	100	20	250	300	5	42	TwoStepHash	SuperSecretSalt1337	2	dice		ATotallyDifferentString42	2	dice	1024	10			1024	1024	10			1024	1024	64	8	True	1024	64	8	True	10	1000	PNG	10	1000	PNG	./data/fakename_1k.tsv	0.15	Alice	False	True	False	cosine	MinWeight	-1	False	False	0.5	1	148	200.0	100	5	100	1	True	10	None		True	0.006666666666666667	1	150	1000	45.79171085357666	1.9293270111083984	-1	5.0141589641571045	-1	7.867813110351562e-06	38.79869103431702	0.023200511932373047	43.8415105342865
1724856239.851089	Node2Vec	0.9	False	128	10	1	True	0.9	False	128	10	1	True	100	20	250	300	5	42	100	20	250	300	5	42	TwoStepHash	SuperSecretSalt1337	2	dice		ATotallyDifferentString42	2	dice	1024	10			1024	1024	10			1024	1024	64	8	True	1024	64	8	True	10	1000	PNG	10	1000	PNG	./data/fakename_1k.tsv	0.2	Alice	False	True	False	cosine	MinWeight	-1	False	False	0.5	1	199	200.0	100	5	100	1	True	10	None		True	0.0	0	200	1000	43.997565269470215	1.954317569732666	-1	5.860025882720947	-1	6.9141387939453125e-06	36.12334656715393	0.03365492820739746	42.022825956344604
1724856296.2717693	Node2Vec	0.9	False	128	10	1	True	0.9	False	128	10	1	True	100	20	250	300	5	42	100	20	250	300	5	42	TwoStepHash	SuperSecretSalt1337	2	dice		ATotallyDifferentString42	2	dice	1024	10			1024	1024	10			1024	1024	64	8	True	1024	64	8	True	10	1000	PNG	10	1000	PNG	./data/fakename_1k.tsv	0.25	Alice	False	True	False	cosine	MinWeight	-1	False	False	0.5	1	250	200.0	100	5	100	1	True	10	None		True	0.004	1	250	1000	56.4202196598053	2.0392327308654785	-1	6.694363594055176	-1	6.67572021484375e-06	47.63339376449585	0.024469614028930664	54.358254194259644
1724856347.1440651	Node2Vec	0.9	False	128	10	1	True	0.9	False	128	10	1	True	100	20	250	300	5	42	100	20	250	300	5	42	TwoStepHash	SuperSecretSalt1337	2	dice		ATotallyDifferentString42	2	dice	1024	10			1024	1024	10			1024	1024	64	8	True	1024	64	8	True	10	1000	PNG	10	1000	PNG	./data/fakename_1k.tsv	0.3	Alice	False	True	False	cosine	MinWeight	-1	False	False	0.5	1	300	200.0	100	5	100	1	True	10	None		True	0.006666666666666667	2	300	1000	50.871973752975464	2.0994675159454346	-1	6.731703281402588	-1	9.059906005859375e-06	41.98295068740845	0.027767419815063477	48.749347448349
1724856416.6364396	Node2Vec	0.9	False	128	10	1	True	0.9	False	128	10	1	True	100	20	250	300	5	42	100	20	250	300	5	42	TwoStepHash	SuperSecretSalt1337	2	dice		ATotallyDifferentString42	2	dice	1024	10			1024	1024	10			1024	1024	64	8	True	1024	64	8	True	10	1000	PNG	10	1000	PNG	./data/fakename_1k.tsv	0.35	Alice	False	True	False	cosine	MinWeight	-1	False	False	0.5	1	350	200.0	100	5	100	1	True	10	None		True	0.02	7	350	1000	69.49178338050842	2.1588735580444336	-1	7.156831979751587	-1	9.059906005859375e-06	60.106202840805054	0.03917860984802246	67.30931854248047
1724856478.8077338	Node2Vec	0.9	False	128	10	1	True	0.9	False	128	10	1	True	100	20	250	300	5	42	100	20	250	300	5	42	TwoStepHash	SuperSecretSalt1337	2	dice		ATotallyDifferentString42	2	dice	1024	10			1024	1024	10			1024	1024	64	8	True	1024	64	8	True	10	1000	PNG	10	1000	PNG	./data/fakename_1k.tsv	0.4	Alice	False	True	False	cosine	MinWeight	-1	False	False	0.5	1	400	200.0	100	5	100	1	True	10	None		True	0.9025	361	400	1000	62.170674562454224	2.317270517349243	-1	7.7446489334106445	-1	8.106231689453125e-06	52.01775145530701	0.057085275650024414	59.82760167121887
1724856556.2744274	Node2Vec	0.9	False	128	10	1	True	0.9	False	128	10	1	True	100	20	250	300	5	42	100	20	250	300	5	42	TwoStepHash	SuperSecretSalt1337	2	dice		ATotallyDifferentString42	2	dice	1024	10			1024	1024	10			1024	1024	64	8	True	1024	64	8	True	10	1000	PNG	10	1000	PNG	./data/fakename_1k.tsv	0.45	Alice	False	True	False	cosine	MinWeight	-1	False	False	0.5	1	450	200.0	100	5	100	1	True	10	None		True	0.9555555555555556	430	450	1000	77.46381211280823	2.485682964324951	-1	8.85479736328125	-1	8.344650268554688e-06	66.05539274215698	0.033205270767211914	74.94995951652527
1724856649.7918212	Node2Vec	0.9	False	128	10	1	True	0.9	False	128	10	1	True	100	20	250	300	5	42	100	20	250	300	5	42	TwoStepHash	SuperSecretSalt1337	2	dice		ATotallyDifferentString42	2	dice	1024	10			1024	1024	10			1024	1024	64	8	True	1024	64	8	True	10	1000	PNG	10	1000	PNG	./data/fakename_1k.tsv	0.5	Alice	False	True	False	cosine	MinWeight	-1	False	False	0.5	1	500	200.0	100	5	100	1	True	10	None		True	0.016	8	500	1000	93.5168662071228	2.5800116062164307	-1	9.659225702285767	-1	1.0013580322265625e-05	81.20793056488037	0.0341029167175293	90.91131806373596
1724856737.482645	Node2Vec	0.9	False	128	10	1	True	0.9	False	128	10	1	True	100	20	250	300	5	42	100	20	250	300	5	42	TwoStepHash	SuperSecretSalt1337	2	dice		ATotallyDifferentString42	2	dice	1024	10			1024	1024	10			1024	1024	64	8	True	1024	64	8	True	10	1000	PNG	10	1000	PNG	./data/fakename_1k.tsv	0.55	Alice	False	True	False	cosine	MinWeight	-1	False	False	0.5	1	550	200.0	100	5	100	1	True	10	None		True	0.9818181818181818	540	550	1000	87.69040513038635	2.4860613346099854	-1	10.76075530052185	-1	7.62939453125e-06	74.38097071647644	0.031212329864501953	85.17972493171692
1724856753.3132362	Node2Vec	0.9	False	128	10	1	True	0.9	False	128	10	1	True	100	20	250	300	5	42	100	20	250	300	5	42	TwoStepHash	SuperSecretSalt1337	2	dice		ATotallyDifferentString42	2	dice	1024	10			1024	1024	10			1024	1024	64	8	True	1024	64	8	True	10	1000	PNG	10	1000	PNG	./data/fakename_1k.tsv	0.6	Alice	False	True	False	cosine	MinWeight	-1	False	False	0.5	1	600	200.0	100	5	100	1	True	10	None		True	0.9933333333333333	596	600	1000	15.830057382583618	2.5740091800689697	-1	10.951452493667603	-1	1.7642974853515625e-05	2.223186731338501	0.047449350357055664	13.23030138015747
1724856777.9153397	Node2Vec	0.9	False	128	10	1	True	0.9	False	128	10	1	True	100	20	250	300	5	42	100	20	250	300	5	42	TwoStepHash	SuperSecretSalt1337	2	dice		ATotallyDifferentString42	2	dice	1024	10			1024	1024	10			1024	1024	64	8	True	1024	64	8	True	10	1000	PNG	10	1000	PNG	./data/fakename_1k.tsv	0.65	Alice	False	True	False	cosine	MinWeight	-1	False	False	0.5	1	650	200.0	100	5	100	1	True	10	None		True	0.9953846153846154	647	650	1000	24.601691961288452	2.614004135131836	-1	13.061144351959229	-1	8.58306884765625e-06	8.858742237091064	0.03271293640136719	21.960649728775024
1724856795.930359	Node2Vec	0.9	False	128	10	1	True	0.9	False	128	10	1	True	100	20	250	300	5	42	100	20	250	300	5	42	TwoStepHash	SuperSecretSalt1337	2	dice		ATotallyDifferentString42	2	dice	1024	10			1024	1024	10			1024	1024	64	8	True	1024	64	8	True	10	1000	PNG	10	1000	PNG	./data/fakename_1k.tsv	0.7	Alice	False	True	False	cosine	MinWeight	-1	False	False	0.5	1	700	200.0	100	5	100	1	True	10	None		True	1.0	700	700	1000	18.014596700668335	2.5645101070404053	-1	12.215786218643188	-1	1.0013580322265625e-05	3.169187307357788	0.03131985664367676	15.42368197441101
1724856815.8214154	Node2Vec	0.9	False	128	10	1	True	0.9	False	128	10	1	True	100	20	250	300	5	42	100	20	250	300	5	42	TwoStepHash	SuperSecretSalt1337	2	dice		ATotallyDifferentString42	2	dice	1024	10			1024	1024	10			1024	1024	64	8	True	1024	64	8	True	10	1000	PNG	10	1000	PNG	./data/fakename_1k.tsv	0.75	Alice	False	True	False	cosine	MinWeight	-1	False	False	0.5	1	750	200.0	100	5	100	1	True	10	None		True	1.0	750	750	1000	19.890594959259033	2.8552541732788086	-1	12.368354797363281	-1	1.0251998901367188e-05	4.590765476226807	0.03886556625366211	17.00670838356018
1724856835.8780396	Node2Vec	0.9	False	128	10	1	True	0.9	False	128	10	1	True	100	20	250	300	5	42	100	20	250	300	5	42	TwoStepHash	SuperSecretSalt1337	2	dice		ATotallyDifferentString42	2	dice	1024	10			1024	1024	10			1024	1024	64	8	True	1024	64	8	True	10	1000	PNG	10	1000	PNG	./data/fakename_1k.tsv	0.8	Alice	False	True	False	cosine	MinWeight	-1	False	False	0.5	1	800	200.0	100	5	100	1	True	10	None		True	1.0	800	800	1000	20.056151390075684	2.898348331451416	-1	14.061581134796143	-1	8.106231689453125e-06	3.0217666625976562	0.03585934638977051	17.12697410583496
1724856859.7646058	Node2Vec	0.9	False	128	10	1	True	0.9	False	128	10	1	True	100	20	250	300	5	42	100	20	250	300	5	42	TwoStepHash	SuperSecretSalt1337	2	dice		ATotallyDifferentString42	2	dice	1024	10			1024	1024	10			1024	1024	64	8	True	1024	64	8	True	10	1000	PNG	10	1000	PNG	./data/fakename_1k.tsv	0.85	Alice	False	True	False	cosine	MinWeight	-1	False	False	0.5	1	850	200.0	100	5	100	1	True	10	None		True	1.0	850	850	1000	23.886035919189453	2.911787748336792	-1	14.833517074584961	-1	8.821487426757812e-06	6.053449392318726	0.0473785400390625	20.94454002380371
1724856881.82753	Node2Vec	0.9	False	128	10	1	True	0.9	False	128	10	1	True	100	20	250	300	5	42	100	20	250	300	5	42	TwoStepHash	SuperSecretSalt1337	2	dice		ATotallyDifferentString42	2	dice	1024	10			1024	1024	10			1024	1024	64	8	True	1024	64	8	True	10	1000	PNG	10	1000	PNG	./data/fakename_1k.tsv	0.9	Alice	False	True	False	cosine	MinWeight	-1	False	False	0.5	1	900	200.0	100	5	100	1	True	10	None		True	1.0	900	900	1000	22.06230926513672	3.094691753387451	-1	12.865182161331177	-1	1.6689300537109375e-05	6.00605034828186	0.049920082092285156	18.93591070175171
1724856906.6700294	Node2Vec	0.9	False	128	10	1	True	0.9	False	128	10	1	True	100	20	250	300	5	42	100	20	250	300	5	42	TwoStepHash	SuperSecretSalt1337	2	dice		ATotallyDifferentString42	2	dice	1024	10			1024	1024	10			1024	1024	64	8	True	1024	64	8	True	10	1000	PNG	10	1000	PNG	./data/fakename_1k.tsv	0.95	Alice	False	True	False	cosine	MinWeight	-1	False	False	0.5	1	950	200.0	100	5	100	1	True	10	None		True	1.0	950	950	1000	24.841899394989014	3.123063325881958	-1	15.811362981796265	-1	8.58306884765625e-06	5.818047761917114	0.04344582557678223	21.681710720062256
1724856930.0402248	Node2Vec	0.9	False	128	10	1	True	0.9	False	128	10	1	True	100	20	250	300	5	42	100	20	250	300	5	42	TwoStepHash	SuperSecretSalt1337	2	dice		ATotallyDifferentString42	2	dice	1024	10			1024	1024	10			1024	1024	64	8	True	1024	64	8	True	10	1000	PNG	10	1000	PNG	./data/fakename_1k.tsv	1.0	Alice	False	True	False	cosine	MinWeight	-1	False	False	0.5	1	1000	200.0	100	5	100	1	True	10	None		True	1.0	1000	1000	1000	23.369343757629395	3.407827854156494	-1	16.876713752746582	-1	1.1205673217773438e-05	3.0050196647644043	0.03382706642150879	19.925407886505127
1724857042.896603	Node2Vec	0.9	False	128	10	1	True	0.9	False	128	10	1	True	100	20	250	300	5	42	100	20	250	300	5	42	TwoStepHash	SuperSecretSalt1337	2	dice		ATotallyDifferentString42	2	dice	1024	10			1024	1024	10			1024	1024	64	8	True	1024	64	8	True	10	1000	PNG	10	1000	PNG	./data/fakename_1k.tsv	0.05	Both	False	True	False	cosine	MinWeight	-1	False	False	0.5	1	512	200.0	100	5	100	1	True	10	None		True	0.0	0	512	513	112.85581374168396	2.6666951179504395	2.0971734523773193	9.774701833724976	10.417836904525757	1.1920928955078125e-05	87.83873891830444	0.03017449378967285	108.071697473526
1724857103.0481653	Node2Vec	0.9	False	128	10	1	True	0.9	False	128	10	1	True	100	20	250	300	5	42	100	20	250	300	5	42	TwoStepHash	SuperSecretSalt1337	2	dice		ATotallyDifferentString42	2	dice	1024	10			1024	1024	10			1024	1024	64	8	True	1024	64	8	True	10	1000	PNG	10	1000	PNG	./data/fakename_1k.tsv	0.1	Both	False	True	False	cosine	MinWeight	-1	False	False	0.5	1	526	200.0	100	5	100	1	True	10	None		True	0.019230769230769232	1	526	526	60.15112376213074	2.690279722213745	2.15202260017395	9.969376564025879	10.544983625411987	1.0251998901367188e-05	34.73142409324646	0.033504486083984375	55.288358211517334
1724857212.8337667	Node2Vec	0.9	False	128	10	1	True	0.9	False	128	10	1	True	100	20	250	300	5	42	100	20	250	300	5	42	TwoStepHash	SuperSecretSalt1337	2	dice		ATotallyDifferentString42	2	dice	1024	10			1024	1024	10			1024	1024	64	8	True	1024	64	8	True	10	1000	PNG	10	1000	PNG	./data/fakename_1k.tsv	0.15	Both	False	True	False	cosine	MinWeight	-1	False	False	0.5	1	540	200.0	100	5	100	1	True	10	None		True	0.0	0	540	541	109.78513860702515	2.671415090560913	2.1082851886749268	9.285896062850952	10.765203714370728	1.0967254638671875e-05	84.88547992706299	0.03680014610290527	104.98514771461487
1724857330.222462	Node2Vec	0.9	False	128	10	1	True	0.9	False	128	10	1	True	100	20	250	300	5	42	100	20	250	300	5	42	TwoStepHash	SuperSecretSalt1337	2	dice		ATotallyDifferentString42	2	dice	1024	10			1024	1024	10			1024	1024	64	8	True	1024	64	8	True	10	1000	PNG	10	1000	PNG	./data/fakename_1k.tsv	0.2	Both	False	True	False	cosine	MinWeight	-1	False	False	0.5	1	555	200.0	100	5	100	1	True	10	None		True	0.009009009009009009	1	555	556	117.38816738128662	2.700058698654175	2.418978691101074	10.377292394638062	10.781309127807617	1.1205673217773438e-05	91.0407509803772	0.03628993034362793	112.24760270118713
1724857392.9945054	Node2Vec	0.9	False	128	10	1	True	0.9	False	128	10	1	True	100	20	250	300	5	42	100	20	250	300	5	42	TwoStepHash	SuperSecretSalt1337	2	dice		ATotallyDifferentString42	2	dice	1024	10			1024	1024	10			1024	1024	64	8	True	1024	64	8	True	10	1000	PNG	10	1000	PNG	./data/fakename_1k.tsv	0.25	Both	False	True	False	cosine	MinWeight	-1	False	False	0.5	1	571	200.0	100	5	100	1	True	10	None		True	0.04929577464788732	7	571	571	62.771647930145264	2.57906436920166	2.335651159286499	10.6630220413208	11.313045978546143	1.0967254638671875e-05	35.81446051597595	0.03467440605163574	57.8348753452301
1724857465.9461637	Node2Vec	0.9	False	128	10	1	True	0.9	False	128	10	1	True	100	20	250	300	5	42	100	20	250	300	5	42	TwoStepHash	SuperSecretSalt1337	2	dice		ATotallyDifferentString42	2	dice	1024	10			1024	1024	10			1024	1024	64	8	True	1024	64	8	True	10	1000	PNG	10	1000	PNG	./data/fakename_1k.tsv	0.3	Both	False	True	False	cosine	MinWeight	-1	False	False	0.5	1	588	200.0	100	5	100	1	True	10	None		True	0.028409090909090908	5	588	588	72.95126008987427	3.0289978981018066	2.538177490234375	10.78528618812561	10.770747661590576	9.775161743164062e-06	45.757835149765015	0.036409616470336914	67.35982894897461
1724857532.6186872	Node2Vec	0.9	False	128	10	1	True	0.9	False	128	10	1	True	100	20	250	300	5	42	100	20	250	300	5	42	TwoStepHash	SuperSecretSalt1337	2	dice		ATotallyDifferentString42	2	dice	1024	10			1024	1024	10			1024	1024	64	8	True	1024	64	8	True	10	1000	PNG	10	1000	PNG	./data/fakename_1k.tsv	0.35	Both	False	True	False	cosine	MinWeight	-1	False	False	0.5	1	606	200.0	100	5	100	1	True	10	None		True	0.009433962264150943	2	606	606	66.67209243774414	2.7368016242980957	2.270573854446411	11.299423456192017	12.058647155761719	1.049041748046875e-05	38.23898267745972	0.033147573471069336	61.640480279922485
1724857598.8096263	Node2Vec	0.9	False	128	10	1	True	0.9	False	128	10	1	True	100	20	250	300	5	42	100	20	250	300	5	42	TwoStepHash	SuperSecretSalt1337	2	dice		ATotallyDifferentString42	2	dice	1024	10			1024	1024	10			1024	1024	64	8	True	1024	64	8	True	10	1000	PNG	10	1000	PNG	./data/fakename_1k.tsv	0.4	Both	False	True	False	cosine	MinWeight	-1	False	False	0.5	1	625	200.0	100	5	100	1	True	10	None		True	0.012	3	625	625	66.19052171707153	2.7910943031311035	2.2819581031799316	10.835185050964355	12.03066897392273	1.0967254638671875e-05	38.144532918930054	0.07189273834228516	61.091853618621826
1724857677.6487737	Node2Vec	0.9	False	128	10	1	True	0.9	False	128	10	1	True	100	20	250	300	5	42	100	20	250	300	5	42	TwoStepHash	SuperSecretSalt1337	2	dice		ATotallyDifferentString42	2	dice	1024	10			1024	1024	10			1024	1024	64	8	True	1024	64	8	True	10	1000	PNG	10	1000	PNG	./data/fakename_1k.tsv	0.45	Both	False	True	False	cosine	MinWeight	-1	False	False	0.5	1	645	200.0	100	5	100	1	True	10	None		True	0.027586206896551724	8	645	645	78.83836317062378	2.9486756324768066	2.3486456871032715	11.39522910118103	11.948064804077148	1.049041748046875e-05	50.09722876548767	0.06081080436706543	73.51162886619568
1724857789.8316772	Node2Vec	0.9	False	128	10	1	True	0.9	False	128	10	1	True	100	20	250	300	5	42	100	20	250	300	5	42	TwoStepHash	SuperSecretSalt1337	2	dice		ATotallyDifferentString42	2	dice	1024	10			1024	1024	10			1024	1024	64	8	True	1024	64	8	True	10	1000	PNG	10	1000	PNG	./data/fakename_1k.tsv	0.5	Both	False	True	False	cosine	MinWeight	-1	False	False	0.5	1	666	200.0	100	5	100	1	True	10	None		True	0.02702702702702703	9	666	667	112.18215751647949	2.857476234436035	2.6930079460144043	11.253751039505005	12.764213562011719	1.0967254638671875e-05	82.53548097610474	0.04213666915893555	106.60573649406433
1724857897.4275198	Node2Vec	0.9	False	128	10	1	True	0.9	False	128	10	1	True	100	20	250	300	5	42	100	20	250	300	5	42	TwoStepHash	SuperSecretSalt1337	2	dice		ATotallyDifferentString42	2	dice	1024	10			1024	1024	10			1024	1024	64	8	True	1024	64	8	True	10	1000	PNG	10	1000	PNG	./data/fakename_1k.tsv	0.55	Both	False	True	False	cosine	MinWeight	-1	False	False	0.5	1	689	200.0	100	5	100	1	True	10	None		True	0.036939313984168866	14	689	690	107.59539890289307	3.3894903659820557	3.0543787479400635	11.306259155273438	12.613230466842651	1.1444091796875e-05	77.14352774620056	0.04890727996826172	101.12226867675781
1724857975.3417664	Node2Vec	0.9	False	128	10	1	True	0.9	False	128	10	1	True	100	20	250	300	5	42	100	20	250	300	5	42	TwoStepHash	SuperSecretSalt1337	2	dice		ATotallyDifferentString42	2	dice	1024	10			1024	1024	10			1024	1024	64	8	True	1024	64	8	True	10	1000	PNG	10	1000	PNG	./data/fakename_1k.tsv	0.6	Both	False	True	False	cosine	MinWeight	-1	False	False	0.5	1	714	200.0	100	5	100	1	True	10	None		True	0.04205607476635514	18	714	714	77.91378045082092	3.1196470260620117	2.5432093143463135	12.573332071304321	11.249208450317383	1.1444091796875e-05	48.34013390541077	0.04822134971618652	72.22156119346619
1724858067.4465897	Node2Vec	0.9	False	128	10	1	True	0.9	False	128	10	1	True	100	20	250	300	5	42	100	20	250	300	5	42	TwoStepHash	SuperSecretSalt1337	2	dice		ATotallyDifferentString42	2	dice	1024	10			1024	1024	10			1024	1024	64	8	True	1024	64	8	True	10	1000	PNG	10	1000	PNG	./data/fakename_1k.tsv	0.65	Both	False	True	False	cosine	MinWeight	-1	False	False	0.5	1	740	200.0	100	5	100	1	True	10	None		True	0.04158004158004158	20	740	741	92.10427045822144	3.0699448585510254	2.5173559188842773	13.655226945877075	13.241683721542358	1.0013580322265625e-05	59.504568099975586	0.07139444351196289	86.48363947868347
1724858147.158704	Node2Vec	0.9	False	128	10	1	True	0.9	False	128	10	1	True	100	20	250	300	5	42	100	20	250	300	5	42	TwoStepHash	SuperSecretSalt1337	2	dice		ATotallyDifferentString42	2	dice	1024	10			1024	1024	10			1024	1024	64	8	True	1024	64	8	True	10	1000	PNG	10	1000	PNG	./data/fakename_1k.tsv	0.7	Both	False	True	False	cosine	MinWeight	-1	False	False	0.5	1	769	200.0	100	5	100	1	True	10	None		True	0.9925650557620818	534	769	769	79.71164631843567	3.209760904312134	2.579341411590576	12.149876356124878	12.404833316802979	9.298324584960938e-06	49.2825129032135	0.04505562782287598	73.89232611656189
1724858229.293393	Node2Vec	0.9	False	128	10	1	True	0.9	False	128	10	1	True	100	20	250	300	5	42	100	20	250	300	5	42	TwoStepHash	SuperSecretSalt1337	2	dice		ATotallyDifferentString42	2	dice	1024	10			1024	1024	10			1024	1024	64	8	True	1024	64	8	True	10	1000	PNG	10	1000	PNG	./data/fakename_1k.tsv	0.75	Both	False	True	False	cosine	MinWeight	-1	False	False	0.5	1	800	200.0	100	5	100	1	True	10	None		True	0.9916666666666667	595	800	800	82.1342031955719	3.10512113571167	2.6192193031311035	14.488314867019653	14.32048749923706	9.298324584960938e-06	47.515109062194824	0.043770790100097656	76.37842845916748
1724858326.4984446	Node2Vec	0.9	False	128	10	1	True	0.9	False	128	10	1	True	100	20	250	300	5	42	100	20	250	300	5	42	TwoStepHash	SuperSecretSalt1337	2	dice		ATotallyDifferentString42	2	dice	1024	10			1024	1024	10			1024	1024	64	8	True	1024	64	8	True	10	1000	PNG	10	1000	PNG	./data/fakename_1k.tsv	0.8	Both	False	True	False	cosine	MinWeight	-1	False	False	0.5	1	833	200.0	100	5	100	1	True	10	None		True	0.993993993993994	662	833	833	97.20459914207458	3.672482967376709	3.051828384399414	15.170431852340698	14.495701551437378	1.049041748046875e-05	60.72558379173279	0.040756940841674805	90.4435715675354
1724858364.4667964	Node2Vec	0.9	False	128	10	1	True	0.9	False	128	10	1	True	100	20	250	300	5	42	100	20	250	300	5	42	TwoStepHash	SuperSecretSalt1337	2	dice		ATotallyDifferentString42	2	dice	1024	10			1024	1024	10			1024	1024	64	8	True	1024	64	8	True	10	1000	PNG	10	1000	PNG	./data/fakename_1k.tsv	0.85	Both	False	True	False	cosine	MinWeight	-1	False	False	0.5	1	869	200.0	100	5	100	1	True	10	None		True	0.9986468200270636	738	869	870	37.967881202697754	3.5072896480560303	2.687685966491699	15.5871741771698	13.200060367584229	1.0251998901367188e-05	2.873044013977051	0.06386065483093262	31.737390279769897
1724858409.777625	Node2Vec	0.9	False	128	10	1	True	0.9	False	128	10	1	True	100	20	250	300	5	42	100	20	250	300	5	42	TwoStepHash	SuperSecretSalt1337	2	dice		ATotallyDifferentString42	2	dice	1024	10			1024	1024	10			1024	1024	64	8	True	1024	64	8	True	10	1000	PNG	10	1000	PNG	./data/fakename_1k.tsv	0.9	Both	False	True	False	cosine	MinWeight	-1	False	False	0.5	1	909	200.0	100	5	100	1	True	10	None		True	1.0	818	909	909	45.31030344963074	4.087511301040649	2.835479974746704	15.605295419692993	16.46830725669861	1.2159347534179688e-05	6.2180726528167725	0.04613804817199707	38.3503303527832
1724858449.0113418	Node2Vec	0.9	False	128	10	1	True	0.9	False	128	10	1	True	100	20	250	300	5	42	100	20	250	300	5	42	TwoStepHash	SuperSecretSalt1337	2	dice		ATotallyDifferentString42	2	dice	1024	10			1024	1024	10			1024	1024	64	8	True	1024	64	8	True	10	1000	PNG	10	1000	PNG	./data/fakename_1k.tsv	0.95	Both	False	True	False	cosine	MinWeight	-1	False	False	0.5	1	952	200.0	100	5	100	1	True	10	None		True	0.9988938053097345	903	952	952	39.23306131362915	3.543185234069824	2.850215435028076	14.641449451446533	14.462324619293213	9.775161743164062e-06	3.627340316772461	0.052957773208618164	32.7965943813324
1724858493.3875403	Node2Vec	0.9	False	128	10	1	True	0.9	False	128	10	1	True	100	20	250	300	5	42	100	20	250	300	5	42	TwoStepHash	SuperSecretSalt1337	2	dice		ATotallyDifferentString42	2	dice	1024	10			1024	1024	10			1024	1024	64	8	True	1024	64	8	True	10	1000	PNG	10	1000	PNG	./data/fakename_1k.tsv	1.0	Both	False	True	False	cosine	MinWeight	-1	False	False	0.5	1	1000	200.0	100	5	100	1	True	10	None		True	1.0	1000	1000	1000	44.37557888031006	4.117529392242432	2.8571434020996094	17.356852054595947	17.04549551010132	1.2636184692382812e-05	2.8854305744171143	0.05091500282287598	37.35161280632019
1724858561.277523	Node2Vec	0.9	False	128	10	1	True	0.9	False	128	10	1	True	100	20	250	300	5	42	100	20	250	300	5	42	TwoStepHash	SuperSecretSalt1337	2	dice		ATotallyDifferentString42	2	dice	1024	10			1024	1024	10			1024	1024	64	8	True	1024	64	8	True	10	1000	PNG	10	1000	PNG	./data/fakename_2k.tsv	0.05	Alice	False	True	False	cosine	MinWeight	-1	False	False	0.5	1	100	200.0	100	5	100	1	True	10	None		True	0.0	0	100	2000	67.8893678188324	3.227466583251953	3.750967502593994	4.946429252624512	29.374875783920288	1.049041748046875e-05	26.47318696975708	0.02486419677734375	60.8320472240448
1724858620.027638	Node2Vec	0.9	False	128	10	1	True	0.9	False	128	10	1	True	100	20	250	300	5	42	100	20	250	300	5	42	TwoStepHash	SuperSecretSalt1337	2	dice		ATotallyDifferentString42	2	dice	1024	10			1024	1024	10			1024	1024	64	8	True	1024	64	8	True	10	1000	PNG	10	1000	PNG	./data/fakename_2k.tsv	0.1	Alice	False	True	False	cosine	MinWeight	-1	False	False	0.5	1	200	200.0	100	5	100	1	True	10	None		True	0.005	1	200	2000	58.74959993362427	2.742493152618408	-1	5.682268142700195	-1	9.059906005859375e-06	50.21142864227295	0.03240394592285156	55.93272542953491
1724858677.2014868	Node2Vec	0.9	False	128	10	1	True	0.9	False	128	10	1	True	100	20	250	300	5	42	100	20	250	300	5	42	TwoStepHash	SuperSecretSalt1337	2	dice		ATotallyDifferentString42	2	dice	1024	10			1024	1024	10			1024	1024	64	8	True	1024	64	8	True	10	1000	PNG	10	1000	PNG	./data/fakename_2k.tsv	0.15	Alice	False	True	False	cosine	MinWeight	-1	False	False	0.5	1	300	200.0	100	5	100	1	True	10	None		True	0.0	0	300	2000	57.17339849472046	2.8094825744628906	-1	7.249007701873779	-1	9.059906005859375e-06	46.98099207878113	0.04530000686645508	54.282517194747925
1724858734.7214258	Node2Vec	0.9	False	128	10	1	True	0.9	False	128	10	1	True	100	20	250	300	5	42	100	20	250	300	5	42	TwoStepHash	SuperSecretSalt1337	2	dice		ATotallyDifferentString42	2	dice	1024	10			1024	1024	10			1024	1024	64	8	True	1024	64	8	True	10	1000	PNG	10	1000	PNG	./data/fakename_2k.tsv	0.2	Alice	False	True	False	cosine	MinWeight	-1	False	False	0.5	1	400	200.0	100	5	100	1	True	10	None		True	0.0125	5	400	2000	57.51926779747009	2.979034185409546	-1	8.650960922241211	-1	8.58306884765625e-06	45.75677824020386	0.039663076400756836	54.46416783332825
1724858793.6106215	Node2Vec	0.9	False	128	10	1	True	0.9	False	128	10	1	True	100	20	250	300	5	42	100	20	250	300	5	42	TwoStepHash	SuperSecretSalt1337	2	dice		ATotallyDifferentString42	2	dice	1024	10			1024	1024	10			1024	1024	64	8	True	1024	64	8	True	10	1000	PNG	10	1000	PNG	./data/fakename_2k.tsv	0.25	Alice	False	True	False	cosine	MinWeight	-1	False	False	0.5	1	500	200.0	100	5	100	1	True	10	None		True	0.02	10	500	2000	58.88864183425903	3.0966649055480957	-1	10.080188512802124	-1	7.867813110351562e-06	45.5185923576355	0.10234403610229492	55.714823722839355
1724858856.1753914	Node2Vec	0.9	False	128	10	1	True	0.9	False	128	10	1	True	100	20	250	300	5	42	100	20	250	300	5	42	TwoStepHash	SuperSecretSalt1337	2	dice		ATotallyDifferentString42	2	dice	1024	10			1024	1024	10			1024	1024	64	8	True	1024	64	8	True	10	1000	PNG	10	1000	PNG	./data/fakename_2k.tsv	0.3	Alice	False	True	False	cosine	MinWeight	-1	False	False	0.5	1	600	200.0	100	5	100	1	True	10	None		True	0.008333333333333333	5	600	2000	62.56401348114014	3.1962637901306152	-1	11.243000507354736	-1	8.106231689453125e-06	47.976009368896484	0.06129312515258789	59.28807282447815
1724858963.5483687	Node2Vec	0.9	False	128	10	1	True	0.9	False	128	10	1	True	100	20	250	300	5	42	100	20	250	300	5	42	TwoStepHash	SuperSecretSalt1337	2	dice		ATotallyDifferentString42	2	dice	1024	10			1024	1024	10			1024	1024	64	8	True	1024	64	8	True	10	1000	PNG	10	1000	PNG	./data/fakename_2k.tsv	0.35	Alice	False	True	False	cosine	MinWeight	-1	False	False	0.5	1	700	200.0	100	5	100	1	True	10	None		True	0.9742857142857143	682	700	2000	107.37213635444641	3.385233163833618	-1	12.018425941467285	-1	7.152557373046875e-06	91.82282376289368	0.054300546646118164	103.90344214439392
1724859033.5803406	Node2Vec	0.9	False	128	10	1	True	0.9	False	128	10	1	True	100	20	250	300	5	42	100	20	250	300	5	42	TwoStepHash	SuperSecretSalt1337	2	dice		ATotallyDifferentString42	2	dice	1024	10			1024	1024	10			1024	1024	64	8	True	1024	64	8	True	10	1000	PNG	10	1000	PNG	./data/fakename_2k.tsv	0.4	Alice	False	True	False	cosine	MinWeight	-1	False	False	0.5	1	800	200.0	100	5	100	1	True	10	None		True	0.98625	789	800	2000	70.03145098686218	3.6858320236206055	-1	13.944993257522583	-1	7.867813110351562e-06	52.24942445755005	0.05776214599609375	66.26056957244873
1724859140.2469802	Node2Vec	0.9	False	128	10	1	True	0.9	False	128	10	1	True	100	20	250	300	5	42	100	20	250	300	5	42	TwoStepHash	SuperSecretSalt1337	2	dice		ATotallyDifferentString42	2	dice	1024	10			1024	1024	10			1024	1024	64	8	True	1024	64	8	True	10	1000	PNG	10	1000	PNG	./data/fakename_2k.tsv	0.45	Alice	False	True	False	cosine	MinWeight	-1	False	False	0.5	1	900	200.0	100	5	100	1	True	10	None		True	0.9911111111111112	892	900	2000	106.66591835021973	3.9344587326049805	-1	13.24721908569336	-1	7.3909759521484375e-06	89.32904005050659	0.06337690353393555	102.64790439605713
1724859164.8877296	Node2Vec	0.9	False	128	10	1	True	0.9	False	128	10	1	True	100	20	250	300	5	42	100	20	250	300	5	42	TwoStepHash	SuperSecretSalt1337	2	dice		ATotallyDifferentString42	2	dice	1024	10			1024	1024	10			1024	1024	64	8	True	1024	64	8	True	10	1000	PNG	10	1000	PNG	./data/fakename_2k.tsv	0.5	Alice	False	True	False	cosine	MinWeight	-1	False	False	0.5	1	1000	200.0	100	5	100	1	True	10	None		True	0.997	997	1000	2000	24.639965057373047	3.8858957290649414	-1	17.120333671569824	-1	0.0007243156433105469	3.4242193698883057	0.0811624526977539	20.669231414794922
1724859189.033291	Node2Vec	0.9	False	128	10	1	True	0.9	False	128	10	1	True	100	20	250	300	5	42	100	20	250	300	5	42	TwoStepHash	SuperSecretSalt1337	2	dice		ATotallyDifferentString42	2	dice	1024	10			1024	1024	10			1024	1024	64	8	True	1024	64	8	True	10	1000	PNG	10	1000	PNG	./data/fakename_2k.tsv	0.55	Alice	False	True	False	cosine	MinWeight	-1	False	False	0.5	1	1100	200.0	100	5	100	1	True	10	None		True	0.9972727272727273	1097	1100	2000	24.144757986068726	3.9347915649414062	-1	16.737800121307373	-1	1.1682510375976562e-05	3.2667791843414307	0.0904242992401123	20.117493867874146
1724859215.0892382	Node2Vec	0.9	False	128	10	1	True	0.9	False	128	10	1	True	100	20	250	300	5	42	100	20	250	300	5	42	TwoStepHash	SuperSecretSalt1337	2	dice		ATotallyDifferentString42	2	dice	1024	10			1024	1024	10			1024	1024	64	8	True	1024	64	8	True	10	1000	PNG	10	1000	PNG	./data/fakename_2k.tsv	0.6	Alice	False	True	False	cosine	MinWeight	-1	False	False	0.5	1	1200	200.0	100	5	100	1	True	10	None		True	0.9991666666666666	1199	1200	2000	26.055322647094727	4.298823118209839	-1	18.156367540359497	-1	9.5367431640625e-06	3.396665096282959	0.09824180603027344	21.66260576248169
1724859244.7394543	Node2Vec	0.9	False	128	10	1	True	0.9	False	128	10	1	True	100	20	250	300	5	42	100	20	250	300	5	42	TwoStepHash	SuperSecretSalt1337	2	dice		ATotallyDifferentString42	2	dice	1024	10			1024	1024	10			1024	1024	64	8	True	1024	64	8	True	10	1000	PNG	10	1000	PNG	./data/fakename_2k.tsv	0.65	Alice	False	True	False	cosine	MinWeight	-1	False	False	0.5	1	1300	200.0	100	5	100	1	True	10	None		True	0.9992307692307693	1299	1300	2000	29.64949369430542	4.626485347747803	-1	20.4497332572937	-1	9.5367431640625e-06	4.348247766494751	0.11298680305480957	24.92251968383789
1724859278.8924403	Node2Vec	0.9	False	128	10	1	True	0.9	False	128	10	1	True	100	20	250	300	5	42	100	20	250	300	5	42	TwoStepHash	SuperSecretSalt1337	2	dice		ATotallyDifferentString42	2	dice	1024	10			1024	1024	10			1024	1024	64	8	True	1024	64	8	True	10	1000	PNG	10	1000	PNG	./data/fakename_2k.tsv	0.7	Alice	False	True	False	cosine	MinWeight	-1	False	False	0.5	1	1400	200.0	100	5	100	1	True	10	None		True	1.0	1400	1400	2000	34.151957750320435	4.396526575088501	-1	20.511143684387207	-1	8.344650268554688e-06	8.979533195495605	0.13327598571777344	29.645065546035767
1724859313.363021	Node2Vec	0.9	False	128	10	1	True	0.9	False	128	10	1	True	100	20	250	300	5	42	100	20	250	300	5	42	TwoStepHash	SuperSecretSalt1337	2	dice		ATotallyDifferentString42	2	dice	1024	10			1024	1024	10			1024	1024	64	8	True	1024	64	8	True	10	1000	PNG	10	1000	PNG	./data/fakename_2k.tsv	0.75	Alice	False	True	False	cosine	MinWeight	-1	False	False	0.5	1	1500	200.0	100	5	100	1	True	10	None		True	1.0	1500	1500	2000	34.46961331367493	4.7430524826049805	-1	23.99441933631897	-1	7.867813110351562e-06	5.460123062133789	0.1398007869720459	29.608771085739136
1724859365.9139361	Node2Vec	0.9	False	128	10	1	True	0.9	False	128	10	1	True	100	20	250	300	5	42	100	20	250	300	5	42	TwoStepHash	SuperSecretSalt1337	2	dice		ATotallyDifferentString42	2	dice	1024	10			1024	1024	10			1024	1024	64	8	True	1024	64	8	True	10	1000	PNG	10	1000	PNG	./data/fakename_2k.tsv	0.8	Alice	False	True	False	cosine	MinWeight	-1	False	False	0.5	1	1600	200.0	100	5	100	1	True	10	None		True	1.0	1600	1600	2000	52.54947352409363	4.916718482971191	-1	24.1028254032135	-1	8.58306884765625e-06	23.23652195930481	0.15981483459472656	47.51204776763916
1724859405.1079824	Node2Vec	0.9	False	128	10	1	True	0.9	False	128	10	1	True	100	20	250	300	5	42	100	20	250	300	5	42	TwoStepHash	SuperSecretSalt1337	2	dice		ATotallyDifferentString42	2	dice	1024	10			1024	1024	10			1024	1024	64	8	True	1024	64	8	True	10	1000	PNG	10	1000	PNG	./data/fakename_2k.tsv	0.85	Alice	False	True	False	cosine	MinWeight	-1	False	False	0.5	1	1700	200.0	100	5	100	1	True	10	None		True	1.0	1700	1700	2000	39.1922881603241	5.168971538543701	-1	27.236619472503662	-1	7.3909759521484375e-06	6.525159120559692	0.12571096420288086	33.8988618850708
1724859487.8791072	Node2Vec	0.9	False	128	10	1	True	0.9	False	128	10	1	True	100	20	250	300	5	42	100	20	250	300	5	42	TwoStepHash	SuperSecretSalt1337	2	dice		ATotallyDifferentString42	2	dice	1024	10			1024	1024	10			1024	1024	64	8	True	1024	64	8	True	10	1000	PNG	10	1000	PNG	./data/fakename_2k.tsv	0.9	Alice	False	True	False	cosine	MinWeight	-1	False	False	0.5	1	1800	200.0	100	5	100	1	True	10	None		True	0.9994444444444445	1799	1800	2000	82.7703537940979	5.486190319061279	-1	26.823975801467896	-1	7.62939453125e-06	50.192939043045044	0.1253657341003418	77.153883934021
1724859535.9256592	Node2Vec	0.9	False	128	10	1	True	0.9	False	128	10	1	True	100	20	250	300	5	42	100	20	250	300	5	42	TwoStepHash	SuperSecretSalt1337	2	dice		ATotallyDifferentString42	2	dice	1024	10			1024	1024	10			1024	1024	64	8	True	1024	64	8	True	10	1000	PNG	10	1000	PNG	./data/fakename_2k.tsv	0.95	Alice	False	True	False	cosine	MinWeight	-1	False	False	0.5	1	1900	200.0	100	5	100	1	True	10	None		True	1.0	1900	1900	2000	48.045711517333984	5.50522780418396	-1	27.908302545547485	-1	8.821487426757812e-06	14.331653594970703	0.15265846252441406	42.40454983711243
1724859579.3093543	Node2Vec	0.9	False	128	10	1	True	0.9	False	128	10	1	True	100	20	250	300	5	42	100	20	250	300	5	42	TwoStepHash	SuperSecretSalt1337	2	dice		ATotallyDifferentString42	2	dice	1024	10			1024	1024	10			1024	1024	64	8	True	1024	64	8	True	10	1000	PNG	10	1000	PNG	./data/fakename_2k.tsv	1.0	Alice	False	True	False	cosine	MinWeight	-1	False	False	0.5	1	2000	200.0	100	5	100	1	True	10	None		True	1.0	2000	2000	2000	43.38283348083496	5.619548320770264	-1	26.81577467918396	-1	8.106231689453125e-06	10.693219900131226	0.09056258201599121	37.612348556518555
1724859719.335757	Node2Vec	0.9	False	128	10	1	True	0.9	False	128	10	1	True	100	20	250	300	5	42	100	20	250	300	5	42	TwoStepHash	SuperSecretSalt1337	2	dice		ATotallyDifferentString42	2	dice	1024	10			1024	1024	10			1024	1024	64	8	True	1024	64	8	True	10	1000	PNG	10	1000	PNG	./data/fakename_2k.tsv	0.05	Both	False	True	False	cosine	MinWeight	-1	False	False	0.5	1	1025	200.0	100	5	100	1	True	10	None		True	0.0196078431372549	1	1025	1026	140.02551865577698	3.939785957336426	3.623018264770508	14.846665859222412	16.90778136253357	1.2636184692382812e-05	100.53390550613403	0.10314106941223145	132.40369701385498
1724859861.6784823	Node2Vec	0.9	False	128	10	1	True	0.9	False	128	10	1	True	100	20	250	300	5	42	100	20	250	300	5	42	TwoStepHash	SuperSecretSalt1337	2	dice		ATotallyDifferentString42	2	dice	1024	10			1024	1024	10			1024	1024	64	8	True	1024	64	8	True	10	1000	PNG	10	1000	PNG	./data/fakename_2k.tsv	0.1	Both	False	True	False	cosine	MinWeight	-1	False	False	0.5	1	1052	200.0	100	5	100	1	True	10	None		True	0.0	0	1052	1053	142.34183311462402	4.057246208190918	3.370450735092163	16.178786754608154	16.001770973205566	1.0013580322265625e-05	102.48447489738464	0.17349863052368164	134.8517246246338
1724860018.6413755	Node2Vec	0.9	False	128	10	1	True	0.9	False	128	10	1	True	100	20	250	300	5	42	100	20	250	300	5	42	TwoStepHash	SuperSecretSalt1337	2	dice		ATotallyDifferentString42	2	dice	1024	10			1024	1024	10			1024	1024	64	8	True	1024	64	8	True	10	1000	PNG	10	1000	PNG	./data/fakename_2k.tsv	0.15	Both	False	True	False	cosine	MinWeight	-1	False	False	0.5	1	1081	200.0	100	5	100	1	True	10	None		True	0.006172839506172839	1	1081	1081	156.96209454536438	4.208231449127197	3.627629280090332	15.820374965667725	17.92715287208557	1.0251998901367188e-05	115.20710706710815	0.0934913158416748	149.0632200241089
1724860137.3907776	Node2Vec	0.9	False	128	10	1	True	0.9	False	128	10	1	True	100	20	250	300	5	42	100	20	250	300	5	42	TwoStepHash	SuperSecretSalt1337	2	dice		ATotallyDifferentString42	2	dice	1024	10			1024	1024	10			1024	1024	64	8	True	1024	64	8	True	10	1000	PNG	10	1000	PNG	./data/fakename_2k.tsv	0.2	Both	False	True	False	cosine	MinWeight	-1	False	False	0.5	1	1111	200.0	100	5	100	1	True	10	None		True	0.013513513513513514	3	1111	1111	118.74876809120178	4.258982419967651	3.2368388175964355	17.461514711380005	17.12774682044983	2.193450927734375e-05	76.46285820007324	0.12987375259399414	111.19557428359985
1724860296.4248672	Node2Vec	0.9	False	128	10	1	True	0.9	False	128	10	1	True	100	20	250	300	5	42	100	20	250	300	5	42	TwoStepHash	SuperSecretSalt1337	2	dice		ATotallyDifferentString42	2	dice	1024	10			1024	1024	10			1024	1024	64	8	True	1024	64	8	True	10	1000	PNG	10	1000	PNG	./data/fakename_2k.tsv	0.25	Both	False	True	False	cosine	MinWeight	-1	False	False	0.5	1	1142	200.0	100	5	100	1	True	10	None		True	0.014035087719298246	4	1142	1143	159.03340315818787	4.293853521347046	3.235018014907837	17.11636710166931	16.800462245941162	1.0967254638671875e-05	117.33440947532654	0.1670076847076416	151.43812131881714
1724860489.2191682	Node2Vec	0.9	False	128	10	1	True	0.9	False	128	10	1	True	100	20	250	300	5	42	100	20	250	300	5	42	TwoStepHash	SuperSecretSalt1337	2	dice		ATotallyDifferentString42	2	dice	1024	10			1024	1024	10			1024	1024	64	8	True	1024	64	8	True	10	1000	PNG	10	1000	PNG	./data/fakename_2k.tsv	0.3	Both	False	True	False	cosine	MinWeight	-1	False	False	0.5	1	1176	200.0	100	5	100	1	True	10	None		True	0.002840909090909091	1	1176	1176	192.7872223854065	4.402493000030518	3.203974962234497	16.86461877822876	17.49484872817993	1.3589859008789062e-05	150.60520362854004	0.12468957901000977	185.10752940177917
1724860643.8935637	Node2Vec	0.9	False	128	10	1	True	0.9	False	128	10	1	True	100	20	250	300	5	42	100	20	250	300	5	42	TwoStepHash	SuperSecretSalt1337	2	dice		ATotallyDifferentString42	2	dice	1024	10			1024	1024	10			1024	1024	64	8	True	1024	64	8	True	10	1000	PNG	10	1000	PNG	./data/fakename_2k.tsv	0.35	Both	False	True	False	cosine	MinWeight	-1	False	False	0.5	1	1212	200.0	100	5	100	1	True	10	None		True	0.02122641509433962	9	1212	1212	154.67358231544495	4.706131458282471	3.3967859745025635	16.74436664581299	17.304726362228394	1.1920928955078125e-05	112.28344011306763	0.14973044395446777	146.49632740020752
1724860788.7410665	Node2Vec	0.9	False	128	10	1	True	0.9	False	128	10	1	True	100	20	250	300	5	42	100	20	250	300	5	42	TwoStepHash	SuperSecretSalt1337	2	dice		ATotallyDifferentString42	2	dice	1024	10			1024	1024	10			1024	1024	64	8	True	1024	64	8	True	10	1000	PNG	10	1000	PNG	./data/fakename_2k.tsv	0.4	Both	False	True	False	cosine	MinWeight	-1	False	False	0.5	1	1250	200.0	100	5	100	1	True	10	None		True	0.002	1	1250	1250	144.84677004814148	5.134196996688843	3.863687515258789	17.890976667404175	18.47241711616516	1.3589859008789062e-05	99.16895198822021	0.20267271995544434	135.7651927471161
1724860924.1002092	Node2Vec	0.9	False	128	10	1	True	0.9	False	128	10	1	True	100	20	250	300	5	42	100	20	250	300	5	42	TwoStepHash	SuperSecretSalt1337	2	dice		ATotallyDifferentString42	2	dice	1024	10			1024	1024	10			1024	1024	64	8	True	1024	64	8	True	10	1000	PNG	10	1000	PNG	./data/fakename_2k.tsv	0.45	Both	False	True	False	cosine	MinWeight	-1	False	False	0.5	1	1290	200.0	100	5	100	1	True	10	None		True	0.032758620689655175	19	1290	1290	135.35486602783203	4.482831001281738	3.51257586479187	18.737261056900024	19.504809617996216	1.1444091796875e-05	88.83842039108276	0.18615126609802246	127.28110361099243
1724861062.0423152	Node2Vec	0.9	False	128	10	1	True	0.9	False	128	10	1	True	100	20	250	300	5	42	100	20	250	300	5	42	TwoStepHash	SuperSecretSalt1337	2	dice		ATotallyDifferentString42	2	dice	1024	10			1024	1024	10			1024	1024	64	8	True	1024	64	8	True	10	1000	PNG	10	1000	PNG	./data/fakename_2k.tsv	0.5	Both	False	True	False	cosine	MinWeight	-1	False	False	0.5	1	1333	200.0	100	5	100	1	True	10	None		True	0.02702702702702703	18	1333	1333	137.94146966934204	4.9152607917785645	3.825050115585327	19.82858109474182	20.31908392906189	8.58306884765625e-06	88.7923538684845	0.1591935157775879	129.11289048194885
1724861298.2987247	Node2Vec	0.9	False	128	10	1	True	0.9	False	128	10	1	True	100	20	250	300	5	42	100	20	250	300	5	42	TwoStepHash	SuperSecretSalt1337	2	dice		ATotallyDifferentString42	2	dice	1024	10			1024	1024	10			1024	1024	64	8	True	1024	64	8	True	10	1000	PNG	10	1000	PNG	./data/fakename_2k.tsv	0.55	Both	False	True	False	cosine	MinWeight	-1	False	False	0.5	1	1379	200.0	100	5	100	1	True	10	None		True	0.005277044854881266	4	1379	1379	236.25571298599243	5.367508888244629	3.7476322650909424	20.539836883544922	21.94825530052185	1.0728836059570312e-05	184.3981590270996	0.15049099922180176	227.05447959899902
1724861368.6094556	Node2Vec	0.9	False	128	10	1	True	0.9	False	128	10	1	True	100	20	250	300	5	42	100	20	250	300	5	42	TwoStepHash	SuperSecretSalt1337	2	dice		ATotallyDifferentString42	2	dice	1024	10			1024	1024	10			1024	1024	64	8	True	1024	64	8	True	10	1000	PNG	10	1000	PNG	./data/fakename_2k.tsv	0.6	Both	False	True	False	cosine	MinWeight	-1	False	False	0.5	1	1428	200.0	100	5	100	1	True	10	None		True	0.9964994165694282	854	1428	1429	70.30982685089111	5.275057077407837	3.8227334022521973	22.02291178703308	23.63198947906494	1.1682510375976562e-05	15.303689002990723	0.14313840866088867	61.120965003967285
1724861502.0467517	Node2Vec	0.9	False	128	10	1	True	0.9	False	128	10	1	True	100	20	250	300	5	42	100	20	250	300	5	42	TwoStepHash	SuperSecretSalt1337	2	dice		ATotallyDifferentString42	2	dice	1024	10			1024	1024	10			1024	1024	64	8	True	1024	64	8	True	10	1000	PNG	10	1000	PNG	./data/fakename_2k.tsv	0.65	Both	False	True	False	cosine	MinWeight	-1	False	False	0.5	1	1481	200.0	100	5	100	1	True	10	None		True	0.998960498960499	961	1481	1481	133.43638586997986	5.081087589263916	3.8153767585754395	20.795236825942993	22.028775215148926	1.8358230590820312e-05	81.36801791191101	0.22489476203918457	124.43634986877441
1724861630.575501	Node2Vec	0.9	False	128	10	1	True	0.9	False	128	10	1	True	100	20	250	300	5	42	100	20	250	300	5	42	TwoStepHash	SuperSecretSalt1337	2	dice		ATotallyDifferentString42	2	dice	1024	10			1024	1024	10			1024	1024	64	8	True	1024	64	8	True	10	1000	PNG	10	1000	PNG	./data/fakename_2k.tsv	0.7	Both	False	True	False	cosine	MinWeight	-1	False	False	0.5	1	1538	200.0	100	5	100	1	True	10	None		True	0.9962825278810409	1072	1538	1538	128.52796030044556	5.366805553436279	3.948089599609375	22.97672748565674	21.4188449382782	1.5735626220703125e-05	74.52527904510498	0.16871857643127441	119.1076385974884
1724861762.1169646	Node2Vec	0.9	False	128	10	1	True	0.9	False	128	10	1	True	100	20	250	300	5	42	100	20	250	300	5	42	TwoStepHash	SuperSecretSalt1337	2	dice		ATotallyDifferentString42	2	dice	1024	10			1024	1024	10			1024	1024	64	8	True	1024	64	8	True	10	1000	PNG	10	1000	PNG	./data/fakename_2k.tsv	0.75	Both	False	True	False	cosine	MinWeight	-1	False	False	0.5	1	1600	200.0	100	5	100	1	True	10	None		True	0.9975	1197	1600	1600	131.54057788848877	5.812621116638184	3.992562770843506	24.822824716567993	22.11786437034607	1.71661376953125e-05	74.46546483039856	0.19892215728759766	121.62579917907715
1724861824.6129663	Node2Vec	0.9	False	128	10	1	True	0.9	False	128	10	1	True	100	20	250	300	5	42	100	20	250	300	5	42	TwoStepHash	SuperSecretSalt1337	2	dice		ATotallyDifferentString42	2	dice	1024	10			1024	1024	10			1024	1024	64	8	True	1024	64	8	True	10	1000	PNG	10	1000	PNG	./data/fakename_2k.tsv	0.8	Both	False	True	False	cosine	MinWeight	-1	False	False	0.5	1	1666	200.0	100	5	100	1	True	10	None		True	0.9984996249062266	1331	1666	1667	62.49512267112732	5.839616775512695	4.272751331329346	23.41221332550049	22.493587732315063	1.1205673217773438e-05	6.128884315490723	0.21065425872802734	52.2622435092926
1724861921.5694597	Node2Vec	0.9	False	128	10	1	True	0.9	False	128	10	1	True	100	20	250	300	5	42	100	20	250	300	5	42	TwoStepHash	SuperSecretSalt1337	2	dice		ATotallyDifferentString42	2	dice	1024	10			1024	1024	10			1024	1024	64	8	True	1024	64	8	True	10	1000	PNG	10	1000	PNG	./data/fakename_2k.tsv	0.85	Both	False	True	False	cosine	MinWeight	-1	False	False	0.5	1	1739	200.0	100	5	100	1	True	10	None		True	0.9986468200270636	1476	1739	1739	96.9555733203888	5.98352575302124	4.654367208480835	24.147334575653076	24.611614227294922	1.430511474609375e-05	37.234641551971436	0.17511463165283203	86.18980669975281
1724861991.8542876	Node2Vec	0.9	False	128	10	1	True	0.9	False	128	10	1	True	100	20	250	300	5	42	100	20	250	300	5	42	TwoStepHash	SuperSecretSalt1337	2	dice		ATotallyDifferentString42	2	dice	1024	10			1024	1024	10			1024	1024	64	8	True	1024	64	8	True	10	1000	PNG	10	1000	PNG	./data/fakename_2k.tsv	0.9	Both	False	True	False	cosine	MinWeight	-1	False	False	0.5	1	1818	200.0	100	5	100	1	True	10	None		True	0.9993887530562348	1635	1818	1818	70.28409886360168	6.05683159828186	4.383891344070435	26.00621771812439	25.769427061080933	1.049041748046875e-05	7.753138303756714	0.15610790252685547	59.70317339897156
1724862092.055963	Node2Vec	0.9	False	128	10	1	True	0.9	False	128	10	1	True	100	20	250	300	5	42	100	20	250	300	5	42	TwoStepHash	SuperSecretSalt1337	2	dice		ATotallyDifferentString42	2	dice	1024	10			1024	1024	10			1024	1024	64	8	True	1024	64	8	True	10	1000	PNG	10	1000	PNG	./data/fakename_2k.tsv	0.95	Both	False	True	False	cosine	MinWeight	-1	False	False	0.5	1	1904	200.0	100	5	100	1	True	10	None		True	1.0	1809	1904	1905	100.20082235336304	6.301468133926392	5.211904525756836	28.04607605934143	29.031625032424927	1.1205673217773438e-05	31.248461723327637	0.19331574440002441	88.53878021240234
1724862184.56325	Node2Vec	0.9	False	128	10	1	True	0.9	False	128	10	1	True	100	20	250	300	5	42	100	20	250	300	5	42	TwoStepHash	SuperSecretSalt1337	2	dice		ATotallyDifferentString42	2	dice	1024	10			1024	1024	10			1024	1024	64	8	True	1024	64	8	True	10	1000	PNG	10	1000	PNG	./data/fakename_2k.tsv	1.0	Both	False	True	False	cosine	MinWeight	-1	False	False	0.5	1	2000	200.0	100	5	100	1	True	10	None		True	1.0	2000	2000	2000	92.50620746612549	6.818249940872192	4.624189615249634	29.81157875061035	27.17112159729004	2.0503997802734375e-05	23.750882863998413	0.13995599746704102	80.90261149406433
1724862236.1385863	Node2Vec	0.9	False	128	10	1	True	0.9	False	128	10	1	True	100	20	250	300	5	42	100	20	250	300	5	42	BloomFilter	SuperSecretSalt1337	2	dice	BloomFilter	ATotallyDifferentString42	2	dice	1024	10	False		1024	1024	10	False		1024	1024	64	8	True	1024	64	8	True	10	1000	PNG	10	1000	PNG	./data/titanic_full.tsv	0.05	Alice	False	True	False	cosine	MinWeight	-1	False	False	0.5	1	42	200.0	100	5	100	1	True	10	None		True	0.0	0	44	891	51.57364201545715	1.3311741352081299	1.066936731338501	4.332376956939697	15.508841753005981	1.1682510375976562e-05	29.268661499023438	0.034151315689086914	49.15278959274292
1724862270.613909	Node2Vec	0.9	False	128	10	1	True	0.9	False	128	10	1	True	100	20	250	300	5	42	100	20	250	300	5	42	BloomFilter	SuperSecretSalt1337	2	dice	BloomFilter	ATotallyDifferentString42	2	dice	1024	10	False		1024	1024	10	False		1024	1024	64	8	True	1024	64	8	True	10	1000	PNG	10	1000	PNG	./data/titanic_full.tsv	0.1	Alice	False	True	False	cosine	MinWeight	-1	False	False	0.5	1	85	200.0	100	5	100	1	True	10	None		True	0.02247191011235955	2	89	891	34.47477746009827	0.780724287033081	-1	4.545151233673096	-1	6.4373016357421875e-06	29.072009325027466	0.046727895736694336	33.66914653778076
1724862312.3642395	Node2Vec	0.9	False	128	10	1	True	0.9	False	128	10	1	True	100	20	250	300	5	42	100	20	250	300	5	42	BloomFilter	SuperSecretSalt1337	2	dice	BloomFilter	ATotallyDifferentString42	2	dice	1024	10	False		1024	1024	10	False		1024	1024	64	8	True	1024	64	8	True	10	1000	PNG	10	1000	PNG	./data/titanic_full.tsv	0.15	Alice	False	True	False	cosine	MinWeight	-1	False	False	0.5	1	133	200.0	100	5	100	1	True	10	None		True	0.0	0	133	891	41.749953508377075	0.9226498603820801	-1	5.211288690567017	-1	7.867813110351562e-06	35.5602924823761	0.025156021118164062	40.80295443534851
1724862371.7711782	Node2Vec	0.9	False	128	10	1	True	0.9	False	128	10	1	True	100	20	250	300	5	42	100	20	250	300	5	42	BloomFilter	SuperSecretSalt1337	2	dice	BloomFilter	ATotallyDifferentString42	2	dice	1024	10	False		1024	1024	10	False		1024	1024	64	8	True	1024	64	8	True	10	1000	PNG	10	1000	PNG	./data/titanic_full.tsv	0.2	Alice	False	True	False	cosine	MinWeight	-1	False	False	0.5	1	177	200.0	100	5	100	1	True	10	None		True	0.03932584269662921	7	178	891	59.406556129455566	0.9323208332061768	-1	6.093438148498535	-1	9.059906005859375e-06	52.28162980079651	0.07101845741271973	58.4526948928833
1724862433.6305401	Node2Vec	0.9	False	128	10	1	True	0.9	False	128	10	1	True	100	20	250	300	5	42	100	20	250	300	5	42	BloomFilter	SuperSecretSalt1337	2	dice	BloomFilter	ATotallyDifferentString42	2	dice	1024	10	False		1024	1024	10	False		1024	1024	64	8	True	1024	64	8	True	10	1000	PNG	10	1000	PNG	./data/titanic_full.tsv	0.25	Alice	False	True	False	cosine	MinWeight	-1	False	False	0.5	1	222	200.0	100	5	100	1	True	10	None		True	0.036036036036036036	8	222	891	61.85861325263977	0.8443748950958252	-1	6.616225719451904	-1	7.152557373046875e-06	54.31614065170288	0.03277993202209473	60.97123122215271
1724862487.0107732	Node2Vec	0.9	False	128	10	1	True	0.9	False	128	10	1	True	100	20	250	300	5	42	100	20	250	300	5	42	BloomFilter	SuperSecretSalt1337	2	dice	BloomFilter	ATotallyDifferentString42	2	dice	1024	10	False		1024	1024	10	False		1024	1024	64	8	True	1024	64	8	True	10	1000	PNG	10	1000	PNG	./data/titanic_full.tsv	0.3	Alice	False	True	False	cosine	MinWeight	-1	False	False	0.5	1	265	200.0	100	5	100	1	True	10	None		True	0.0299625468164794	8	267	891	53.379634141922	0.9651587009429932	-1	6.690154314041138	-1	9.298324584960938e-06	45.65700340270996	0.03249645233154297	52.38603138923645
1724862572.1678271	Node2Vec	0.9	False	128	10	1	True	0.9	False	128	10	1	True	100	20	250	300	5	42	100	20	250	300	5	42	BloomFilter	SuperSecretSalt1337	2	dice	BloomFilter	ATotallyDifferentString42	2	dice	1024	10	False		1024	1024	10	False		1024	1024	64	8	True	1024	64	8	True	10	1000	PNG	10	1000	PNG	./data/titanic_full.tsv	0.35	Alice	False	True	False	cosine	MinWeight	-1	False	False	0.5	1	311	200.0	100	5	100	1	True	10	None		True	0.06109324758842444	19	311	891	85.1565945148468	0.9414901733398438	-1	7.351521968841553	-1	7.3909759521484375e-06	76.78335380554199	0.0361173152923584	84.17719459533691
1724862644.039643	Node2Vec	0.9	False	128	10	1	True	0.9	False	128	10	1	True	100	20	250	300	5	42	100	20	250	300	5	42	BloomFilter	SuperSecretSalt1337	2	dice	BloomFilter	ATotallyDifferentString42	2	dice	1024	10	False		1024	1024	10	False		1024	1024	64	8	True	1024	64	8	True	10	1000	PNG	10	1000	PNG	./data/titanic_full.tsv	0.4	Alice	False	True	False	cosine	MinWeight	-1	False	False	0.5	1	355	200.0	100	5	100	1	True	10	None		True	0.4943820224719101	176	356	891	71.87139821052551	0.9506170749664307	-1	7.298025846481323	-1	1.0967254638671875e-05	63.545006275177	0.034705400466918945	70.88518905639648
1724862716.8124032	Node2Vec	0.9	False	128	10	1	True	0.9	False	128	10	1	True	100	20	250	300	5	42	100	20	250	300	5	42	BloomFilter	SuperSecretSalt1337	2	dice	BloomFilter	ATotallyDifferentString42	2	dice	1024	10	False		1024	1024	10	False		1024	1024	64	8	True	1024	64	8	True	10	1000	PNG	10	1000	PNG	./data/titanic_full.tsv	0.45	Alice	False	True	False	cosine	MinWeight	-1	False	False	0.5	1	398	200.0	100	5	100	1	True	10	None		True	0.455	182	400	891	72.77225422859192	1.021169900894165	-1	7.975178956985474	-1	8.821487426757812e-06	63.62897324562073	0.1055595874786377	71.71767973899841
1724862782.043885	Node2Vec	0.9	False	128	10	1	True	0.9	False	128	10	1	True	100	20	250	300	5	42	100	20	250	300	5	42	BloomFilter	SuperSecretSalt1337	2	dice	BloomFilter	ATotallyDifferentString42	2	dice	1024	10	False		1024	1024	10	False		1024	1024	64	8	True	1024	64	8	True	10	1000	PNG	10	1000	PNG	./data/titanic_full.tsv	0.5	Alice	False	True	False	cosine	MinWeight	-1	False	False	0.5	1	443	200.0	100	5	100	1	True	10	None		True	0.5685393258426966	253	445	891	65.2254729270935	1.4498887062072754	-1	8.495807647705078	-1	6.9141387939453125e-06	55.2101354598999	0.03023529052734375	63.74298691749573
1724862853.8693237	Node2Vec	0.9	False	128	10	1	True	0.9	False	128	10	1	True	100	20	250	300	5	42	100	20	250	300	5	42	BloomFilter	SuperSecretSalt1337	2	dice	BloomFilter	ATotallyDifferentString42	2	dice	1024	10	False		1024	1024	10	False		1024	1024	64	8	True	1024	64	8	True	10	1000	PNG	10	1000	PNG	./data/titanic_full.tsv	0.55	Alice	False	True	False	cosine	MinWeight	-1	False	False	0.5	1	490	200.0	100	5	100	1	True	10	None		True	0.6489795918367347	318	490	891	71.82502222061157	0.8433322906494141	-1	8.669755458831787	-1	1.0013580322265625e-05	62.23951721191406	0.03956007957458496	70.95642948150635
1724862925.8336923	Node2Vec	0.9	False	128	10	1	True	0.9	False	128	10	1	True	100	20	250	300	5	42	100	20	250	300	5	42	BloomFilter	SuperSecretSalt1337	2	dice	BloomFilter	ATotallyDifferentString42	2	dice	1024	10	False		1024	1024	10	False		1024	1024	64	8	True	1024	64	8	True	10	1000	PNG	10	1000	PNG	./data/titanic_full.tsv	0.6	Alice	False	True	False	cosine	MinWeight	-1	False	False	0.5	1	534	200.0	100	5	100	1	True	10	None		True	0.7078651685393258	378	534	891	71.96391773223877	0.86454176902771	-1	9.515516757965088	-1	1.0251998901367188e-05	61.47790455818176	0.07110905647277832	71.07311177253723
1724863030.7834191	Node2Vec	0.9	False	128	10	1	True	0.9	False	128	10	1	True	100	20	250	300	5	42	100	20	250	300	5	42	BloomFilter	SuperSecretSalt1337	2	dice	BloomFilter	ATotallyDifferentString42	2	dice	1024	10	False		1024	1024	10	False		1024	1024	64	8	True	1024	64	8	True	10	1000	PNG	10	1000	PNG	./data/titanic_full.tsv	0.65	Alice	False	True	False	cosine	MinWeight	-1	False	False	0.5	1	579	200.0	100	5	100	1	True	10	None		True	0.7875647668393783	456	579	891	104.94928908348083	0.8709313869476318	-1	10.386273622512817	-1	7.867813110351562e-06	93.58975839614868	0.060730695724487305	104.04493713378906
1724863100.1718948	Node2Vec	0.9	False	128	10	1	True	0.9	False	128	10	1	True	100	20	250	300	5	42	100	20	250	300	5	42	BloomFilter	SuperSecretSalt1337	2	dice	BloomFilter	ATotallyDifferentString42	2	dice	1024	10	False		1024	1024	10	False		1024	1024	64	8	True	1024	64	8	True	10	1000	PNG	10	1000	PNG	./data/titanic_full.tsv	0.7	Alice	False	True	False	cosine	MinWeight	-1	False	False	0.5	1	622	200.0	100	5	100	1	True	10	None		True	0.85553772070626	533	623	891	69.38737392425537	0.9200501441955566	-1	9.798733472824097	-1	8.106231689453125e-06	58.53560400009155	0.09375905990600586	68.43536138534546
1724863163.8002656	Node2Vec	0.9	False	128	10	1	True	0.9	False	128	10	1	True	100	20	250	300	5	42	100	20	250	300	5	42	BloomFilter	SuperSecretSalt1337	2	dice	BloomFilter	ATotallyDifferentString42	2	dice	1024	10	False		1024	1024	10	False		1024	1024	64	8	True	1024	64	8	True	10	1000	PNG	10	1000	PNG	./data/titanic_full.tsv	0.75	Alice	False	True	False	cosine	MinWeight	-1	False	False	0.5	1	667	200.0	100	5	100	1	True	10	None		True	0.844311377245509	564	668	891	63.62741255760193	0.9086489677429199	-1	11.726293325424194	-1	1.0013580322265625e-05	50.90920615196228	0.04633069038391113	62.69050574302673
1724863232.8863757	Node2Vec	0.9	False	128	10	1	True	0.9	False	128	10	1	True	100	20	250	300	5	42	100	20	250	300	5	42	BloomFilter	SuperSecretSalt1337	2	dice	BloomFilter	ATotallyDifferentString42	2	dice	1024	10	False		1024	1024	10	False		1024	1024	64	8	True	1024	64	8	True	10	1000	PNG	10	1000	PNG	./data/titanic_full.tsv	0.8	Alice	False	True	False	cosine	MinWeight	-1	False	False	0.5	1	711	200.0	100	5	100	1	True	10	None		True	0.8778089887640449	625	712	891	69.08555698394775	0.9451408386230469	-1	12.002041339874268	-1	8.106231689453125e-06	56.01559495925903	0.08416748046875	68.10915684700012
1724863295.572541	Node2Vec	0.9	False	128	10	1	True	0.9	False	128	10	1	True	100	20	250	300	5	42	100	20	250	300	5	42	BloomFilter	SuperSecretSalt1337	2	dice	BloomFilter	ATotallyDifferentString42	2	dice	1024	10	False		1024	1024	10	False		1024	1024	64	8	True	1024	64	8	True	10	1000	PNG	10	1000	PNG	./data/titanic_full.tsv	0.85	Alice	False	True	False	cosine	MinWeight	-1	False	False	0.5	1	756	200.0	100	5	100	1	True	10	None		True	0.8996036988110965	681	757	891	62.684897661209106	1.038644790649414	-1	12.858458995819092	-1	9.5367431640625e-06	48.67097616195679	0.07038569450378418	61.61542510986328
1724863385.7391381	Node2Vec	0.9	False	128	10	1	True	0.9	False	128	10	1	True	100	20	250	300	5	42	100	20	250	300	5	42	BloomFilter	SuperSecretSalt1337	2	dice	BloomFilter	ATotallyDifferentString42	2	dice	1024	10	False		1024	1024	10	False		1024	1024	64	8	True	1024	64	8	True	10	1000	PNG	10	1000	PNG	./data/titanic_full.tsv	0.9	Alice	False	True	False	cosine	MinWeight	-1	False	False	0.5	1	800	200.0	100	5	100	1	True	10	None		True	0.9425717852684145	755	801	891	90.16338443756104	1.0022101402282715	-1	12.796748399734497	-1	1.6927719116210938e-05	76.28453731536865	0.04227781295776367	89.13139653205872
1724863405.6939218	Node2Vec	0.9	False	128	10	1	True	0.9	False	128	10	1	True	100	20	250	300	5	42	100	20	250	300	5	42	BloomFilter	SuperSecretSalt1337	2	dice	BloomFilter	ATotallyDifferentString42	2	dice	1024	10	False		1024	1024	10	False		1024	1024	64	8	True	1024	64	8	True	10	1000	PNG	10	1000	PNG	./data/titanic_full.tsv	0.95	Alice	False	True	False	cosine	MinWeight	-1	False	False	0.5	1	845	200.0	100	5	100	1	True	10	None		True	0.991725768321513	839	846	891	19.954307079315186	1.000216007232666	-1	13.238118886947632	-1	9.298324584960938e-06	5.6147620677948	0.059496402740478516	18.92263650894165
